-- phpMyAdmin SQL Dump
-- version 4.7.7
-- https://www.phpmyadmin.net/
--
-- Host: localhost:3306
-- Tempo de geração: 09/10/2018 às 12:37
-- Versão do servidor: 5.6.41-84.1
-- Versão do PHP: 5.6.30

SET SQL_MODE = "NO_AUTO_VALUE_ON_ZERO";
SET AUTOCOMMIT = 0;
START TRANSACTION;
SET time_zone = "+00:00";


/*!40101 SET @OLD_CHARACTER_SET_CLIENT=@@CHARACTER_SET_CLIENT */;
/*!40101 SET @OLD_CHARACTER_SET_RESULTS=@@CHARACTER_SET_RESULTS */;
/*!40101 SET @OLD_COLLATION_CONNECTION=@@COLLATION_CONNECTION */;
/*!40101 SET NAMES utf8mb4 */;

--
-- Banco de dados: `db_sip`
--

-- --------------------------------------------------------

--
-- Estrutura para tabela `tb_itens`
--

CREATE TABLE `tb_itens` (
  `id` int(11) NOT NULL,
  `nome_item` text NOT NULL,
  `codigo` varchar(30) NOT NULL,
  `quantidade` int(6) NOT NULL,
  `data` date DEFAULT NULL,
  `valor` decimal(12,2) DEFAULT NULL,
  `situacao` enum('A','I') NOT NULL,
  `disponivel` varchar(8) NOT NULL
) ENGINE=InnoDB DEFAULT CHARSET=utf8 ROW_FORMAT=COMPACT;

--
-- Fazendo dump de dados para tabela `tb_itens`
--

INSERT INTO `tb_itens` (`id`, `nome_item`, `codigo`, `quantidade`, `data`, `valor`, `situacao`, `disponivel`) VALUES
(1, 'VEICULO ADMINISTRATIVO STANDARD 5 PESSOAS', '100000056', 53, '2016-05-20', '31245.00', 'A', '53'),
(2, 'VEICULO ADMINISTRATIVO TIPO PICK-UP', '100000060', 6, '2018-10-03', '15.50', 'A', '6'),
(3, 'PLAINA DESEMPENADEIRA', '100000130', 1, NULL, NULL, 'A', '1'),
(4, 'MAQUINA DE SOLDA ELETRICA', '100000179', 6, NULL, NULL, 'A', '6'),
(5, 'PRENSA HIDRAULICA', '100000187', 1, NULL, NULL, 'A', '1'),
(6, 'LAVADORA DE ROUPAS TIPO DOMESTICA', '100000205', 1, NULL, NULL, 'A', '1'),
(7, 'LAVADORA DE ROUPAS TIPO INDUSTRIAL', '100000206', 21, NULL, NULL, 'A', '21'),
(8, 'SECADORA DE ROUPAS TIPO INDUSTRIAL', '100000208', 19, NULL, NULL, 'A', '19'),
(9, 'PASSADORA DE ROUPAS TIPO INDUSTRIAL', '100000209', 3, NULL, NULL, 'A', '3'),
(10, 'CALANDRA PARA ROUPAS', '100000210', 4, NULL, NULL, 'A', '4'),
(11, 'CENTRIFUGADOR PARA ROUPAS INDUSTRIAL', '100000212', 9, NULL, NULL, 'A', '9'),
(12, 'CALANDRA DE ROUPAS INDUSTRIAL', '100000214', 3, NULL, NULL, 'A', '3'),
(13, 'MAQUINA DE CORTAR TECIDOS', '100000220', 2, NULL, NULL, 'A', '2'),
(14, 'MAQUINA DE COSTURA INDUSTRIAL', '100000221', 54, NULL, NULL, 'A', '54'),
(15, 'MAQUINA SELADORA PARA PLASTICO', '100000227', 8, NULL, NULL, 'A', '8'),
(16, 'LAVATORIO PARA CABELO TIPO POLTRONA', '100000228', 9, NULL, NULL, 'A', '9'),
(17, 'SECADOR DE CABELO', '100000231', 7, NULL, NULL, 'A', '7'),
(18, 'CADEIRA DE CABELEREIRO', '100000234', 10, NULL, NULL, 'A', '10'),
(19, 'MAQUINA PARA CORTAR CABELO', '100000237', 3, NULL, NULL, 'A', '3'),
(20, 'GUILHOTINA INDUSTRIAL PARA PAPEL', '100000258', 1, NULL, NULL, 'A', '1'),
(21, 'PULVERIZADOR MANUAL', '100000283', 1, NULL, NULL, 'A', '1'),
(22, 'APARADOR DE GRAMA ELETRICO', '100000322', 4, NULL, NULL, 'A', '4'),
(23, 'ROCADEIRA MANUAL', '100000324', 2, NULL, NULL, 'A', '2'),
(24, 'ROCADEIRA LATERAL MANUAL', '100000325', 22, NULL, NULL, 'A', '22'),
(25, 'CORTADOR DE GRAMA', '100000333', 6, NULL, NULL, 'A', '6'),
(26, 'CARRO DE MAO', '100000340', 1, NULL, NULL, 'A', '1'),
(27, 'CARRO TIPO PLATAFORMA', '100000341', 8, NULL, NULL, 'A', '8'),
(28, 'CARRO PARA LIMPEZA', '100000343', 3, NULL, NULL, 'A', '3'),
(29, 'CARRO AUXILIAR', '100000346', 6, NULL, NULL, 'A', '6'),
(30, 'CARRO ARMAZEM', '100000349', 5, NULL, NULL, 'A', '5'),
(31, 'CARRO PARA TRANSPORTE DE ROUPA', '100000355', 20, NULL, NULL, 'A', '20'),
(32, 'ESTRADO EM POLIPROPILENO', '100000357', 7, NULL, NULL, 'A', '7'),
(33, 'CARRINHO COLETOR PARA LIXO', '100000366', 8, NULL, NULL, 'A', '8'),
(34, 'CONTAINER PARA LIXO', '100000367', 8, NULL, NULL, 'A', '8'),
(35, 'ARGAMASSADEIRA SOBRE CARRINHO', '100000389', 1, NULL, NULL, 'A', '1'),
(36, 'BEBEDOURO DE AGUA DE PRESSAO', '100000447', 60, NULL, NULL, 'A', '60'),
(37, 'BEBEDOURO DE AGUA TIPO GARRAFAO', '100000448', 80, NULL, NULL, 'A', '80'),
(38, 'CAMARA FRIGORIFICA', '100000449', 13, NULL, NULL, 'A', '13'),
(39, 'CAMARA DE RESFRIAMENTO', '100000450', 2, NULL, NULL, 'A', '2'),
(40, 'CAMARA DE CONGELADOS', '100000451', 1, NULL, NULL, 'A', '1'),
(41, 'CONJUNTO FRIGORIFICO PARA CAMARA', '100000453', 2, NULL, NULL, 'A', '2'),
(42, 'FREEZER HORIZONTAL', '100000454', 14, NULL, NULL, 'A', '14'),
(43, 'FREEZER VERTICAL', '100000455', 2, NULL, NULL, 'A', '2'),
(44, 'REFRIGERADOR TIPO COMERCIAL', '100000456', 8, NULL, NULL, 'A', '8'),
(45, 'REFRIGERADOR TIPO FRIGOBAR', '100000457', 60, NULL, NULL, 'A', '60'),
(46, 'REFRIGERADOR TIPO RESIDENCIAL', '100000458', 105, NULL, NULL, 'A', '105'),
(47, 'REFRIGERADOR HOSPITALAR VERTICAL', '100000465', 2, NULL, NULL, 'A', '2'),
(48, 'CONDICIONADOR DE AR DE PAREDE', '100000471', 116, NULL, NULL, 'A', '116'),
(49, 'CONDICIONADOR DE AR DE TETO - SPLIT', '100000474', 1, NULL, NULL, 'A', '1'),
(50, 'CONDICIONADOR DE AR DE PAREDE - TIPO SPLIT', '100000476', 249, NULL, NULL, 'A', '249'),
(51, 'CONDICIONADOR DE AR TIPO SPLIT', '100000477', 207, NULL, NULL, 'A', '207'),
(52, 'EXAUSTOR DE PAREDE', '100000487', 25, NULL, NULL, 'A', '25'),
(53, 'EXAUSTOR DE AR DE TETO', '100000489', 2, NULL, NULL, 'A', '2'),
(54, 'VENTILADOR DE COLUNA', '100000491', 8, NULL, NULL, 'A', '8'),
(55, 'VENTILADOR DE TETO', '100000493', 91, NULL, NULL, 'A', '91'),
(56, 'VENTILADOR DE PAREDE', '100000494', 86, NULL, NULL, 'A', '86'),
(57, 'VENTILADOR DE TORRE', '100000495', 1, NULL, NULL, 'A', '1'),
(58, 'EXAUSTOR DE COZINHA TIPO INDUSTRIAL', '100000496', 3, NULL, NULL, 'A', '3'),
(59, 'COMPRESSOR DE ALTA PRESSAO', '100000513', 1, NULL, NULL, 'A', '1'),
(60, 'DETECTOR DE METAIS', '100000517', 260, NULL, NULL, 'A', '260'),
(61, 'EXAUSTOR DE FUMACA', '100000538', 1, NULL, NULL, 'A', '1'),
(62, 'COMPRESSOR DE AR', '100000539', 3, NULL, NULL, 'A', '3'),
(63, 'BOMBA CENTRIFUGA', '100000544', 2, NULL, NULL, 'A', '2'),
(64, 'BOMBA DAGUA', '100000546', 63, NULL, NULL, 'A', '63'),
(65, 'AQUECEDOR DE AGUA ELETRICO', '100000565', 4, NULL, NULL, 'A', '4'),
(66, 'PURIFICADOR DE AGUA', '100000577', 72, NULL, NULL, 'A', '72'),
(67, 'LAVADORA DE ALTA PRESSAO', '100000605', 2, NULL, NULL, 'A', '2'),
(68, 'ESMERILHADEIRA PORTATIL', '100000632', 2, NULL, NULL, 'A', '2'),
(69, 'FURADEIRA INDUSTRIAL', '100000635', 1, NULL, NULL, 'A', '1'),
(70, 'LIXADEIRA PORTATIL', '100000637', 48, NULL, NULL, 'A', '48'),
(71, 'SERRA CIRCULAR', '100000642', 1, NULL, NULL, 'A', '1'),
(72, 'SERRA TICO-TICO PORTATIL', '100000643', 1, NULL, NULL, 'A', '1'),
(73, 'SERRA TICO-TICO MANUAL', '100000647', 1, NULL, NULL, 'A', '1'),
(74, 'MAQUINA DE FURAR', '100000651', 1, NULL, NULL, 'A', '1'),
(75, 'MAQUINA MOTOSERRA', '100000652', 2, NULL, NULL, 'A', '2'),
(76, 'ESCADA DE ABRIR', '100000722', 4, NULL, NULL, 'A', '4'),
(77, 'ESCADINHA EM ACO', '100000726', 2, NULL, NULL, 'A', '2'),
(78, 'APARELHO TELEFONICO KS', '100000731', 2, NULL, NULL, 'A', '2'),
(79, 'APARELHO TELEFONICO SEM FIO', '100000733', 2, NULL, NULL, 'A', '2'),
(80, 'APARELHO TELEFONICO DIGITAL', '100000737', 32, NULL, NULL, 'A', '32'),
(81, 'CENTRAL TELEFONICA', '100000738', 2, NULL, NULL, 'A', '2'),
(82, 'CENTRAL PABX', '100000745', 1, NULL, NULL, 'A', '1'),
(83, 'BLOQUEADOR DE LINHA TELEFONICA', '100000763', 7, NULL, NULL, 'A', '7'),
(84, 'FAC-SIMILES', '100000766', 33, NULL, NULL, 'A', '33'),
(85, 'RADIO TRANSMISSOR/RECEPTOR', '100000767', 1, NULL, NULL, 'A', '1'),
(86, 'RADIO TRANSCEPTOR MOVEL', '100000768', 31, NULL, NULL, 'A', '31'),
(87, 'RADIO TRANSCEPTOR PORTATIL', '100000769', 288, NULL, NULL, 'A', '288'),
(88, 'RADIO TRANSCEPTOR FIXO', '100000772', 20, NULL, NULL, 'A', '20'),
(89, 'MONITOR DE CAMERA DE VIDEO', '100000823', 8, NULL, NULL, 'A', '8'),
(90, 'CAIXA ACUSTICA', '100000832', 1, NULL, NULL, 'A', '1'),
(91, 'CAIXA AMPLIFICADA', '100000833', 3, NULL, NULL, 'A', '3'),
(92, 'INTERFONE DE MESA', '100000835', 1, NULL, NULL, 'A', '1'),
(93, 'APARELHO DE SOM', '100000865', 2, NULL, NULL, 'A', '1'),
(94, 'GRAVADOR MINI', '100000896', 1, NULL, NULL, 'A', '1'),
(95, 'FILMADORA PORTATIL', '100000904', 1, NULL, NULL, 'A', '1'),
(96, 'MICROFONE SEM FIO', '100001059', 2, NULL, NULL, 'A', '2'),
(97, 'ANTENA COLINEAR', '100001072', 1, NULL, NULL, 'A', '1'),
(98, 'ESTABILIZADOR DE VOLTAGEM', '100001087', 108, NULL, NULL, 'A', '108'),
(99, 'ESTABILIZADOR TIPO NO BREAK', '100001088', 19, NULL, NULL, 'A', '19'),
(100, 'GRUPO GERADOR DIESEL', '100001102', 8, NULL, NULL, 'A', '8'),
(101, 'GERADOR DE ENERGIA', '100001105', 3, NULL, NULL, 'A', '3'),
(102, 'TRANSFORMADOR DE REDE ELETRICA', '100001109', 1, NULL, NULL, 'A', '1'),
(103, 'CARREGADOR DE BATERIA', '100001113', 1, NULL, NULL, 'A', '1'),
(104, 'FONTE DE ALIMENTACAO', '100001115', 4, NULL, NULL, 'A', '3'),
(105, 'TRANSFORMADOR DE VOLTAGEM', '100001118', 36, NULL, NULL, 'A', '36'),
(106, 'BATERIA PARA NOBREAK', '100001129', 1, NULL, NULL, 'A', '1'),
(107, 'SISTEMA DE ALARME', '100001166', 1, NULL, NULL, 'A', '1'),
(108, 'SIRENE ELETRONICA', '100001170', 2, NULL, NULL, 'A', '2'),
(109, 'TECLADO DE CONTROLE PARA SISTEMA DE SEGURANCA', '100001179', 5, NULL, NULL, 'A', '5'),
(110, 'LENTE PARA SISTEMA DE SEGURANCA AUTO-IRIS', '100001180', 4, NULL, NULL, 'A', '4'),
(111, 'MONITOR PARA SISTEMA DE SEGURANCA COLORIDO', '100001181', 8, NULL, NULL, 'A', '8'),
(112, 'MULTIPLEXADOR DE VIDEO PARA SISTEMA DE SEGURANCA', '100001182', 1, NULL, NULL, 'A', '1'),
(113, 'DETECTOR DE METAL PARA SISTEMA DE SEGURANCA', '100001183', 30, NULL, NULL, 'A', '30'),
(114, 'PAINEL DE CONTROLE PARA SISTEMA DE SEGURANCA', '100001184', 1, NULL, NULL, 'A', '1'),
(115, 'MATRIZ DE VIDEO PARA SISTEMA DE SEGURANCA', '100001185', 1, NULL, NULL, 'A', '1'),
(116, 'SENSOR SISMICO PARA SISTEMA DE SEGURANCA', '100001186', 2, NULL, NULL, 'A', '2'),
(117, 'CAMERA PARA SISTEMA DE SEGURANCA', '100001187', 31, NULL, NULL, 'A', '31'),
(118, 'CAIXA DE PROTECAO PARA SISTEMA DE SEGURANCA', '100001188', 3, NULL, NULL, 'A', '3'),
(119, 'APARELHO DESFIBRILADOR', '100001204', 6, NULL, NULL, 'A', '6'),
(120, 'APARELHO ELETROCARDIOGRAFO', '100001207', 2, NULL, NULL, 'A', '2'),
(121, 'APARELHO ESTETOSCOPIO', '100001210', 1, NULL, NULL, 'A', '1'),
(122, 'APARELHO GLICOSIMETRO', '100001213', 5, NULL, NULL, 'A', '5'),
(123, 'APARELHO LARINGOSCOPIO', '100001215', 1, NULL, NULL, 'A', '1'),
(124, 'APARELHO NEGATOSCOPIO', '100001216', 44, NULL, NULL, 'A', '44'),
(125, 'APARELHO OTOSCOPIO', '100001217', 30, NULL, NULL, 'A', '30'),
(126, 'APARELHO OXIMETRO', '100001218', 1, NULL, NULL, 'A', '1'),
(127, 'APARELHO SONAR', '100001258', 1, NULL, NULL, 'A', '1'),
(128, 'BISTURI ELETRICO', '100001290', 1, NULL, NULL, 'A', '1'),
(129, 'FOCO CIRURGICO AUXILIAR', '100001339', 13, NULL, NULL, 'A', '13'),
(130, 'ASPIRADOR CIRURGICO', '100001345', 2, NULL, NULL, 'A', '2'),
(131, 'APARELHO TERMONEBULIZADOR', '100001424', 1, NULL, NULL, 'A', '1'),
(132, 'DESFIBRILADOR COM MONITOR DE ECG', '100001501', 1, NULL, NULL, 'A', '1'),
(133, 'AUTOCLAVE VERTICAL', '100001517', 3, NULL, NULL, 'A', '2'),
(134, 'AUTOCLAVE HORIZONTAL', '100001518', 16, NULL, NULL, 'A', '4'),
(135, 'OXIMETRO DE PULSO', '100001532', 4, NULL, NULL, 'A', '4'),
(136, 'APARELHO AMALGAMADOR', '100001553', 13, NULL, NULL, 'A', '13'),
(137, 'APARELHO SUGADOR DE SALIVA', '100001554', 1, NULL, NULL, 'A', '1'),
(138, 'EQUIPO ODONTOLOGICO', '100001559', 3, NULL, NULL, 'A', '3'),
(139, 'MOCHO EM ACO INOX', '100001560', 5, NULL, NULL, 'A', '5'),
(140, 'MOCHO EM COURVIM', '100001561', 4, NULL, NULL, 'A', '4'),
(141, 'CUSPIDEIRA EM ACO INOX', '100001563', 1, NULL, NULL, 'A', '1'),
(142, 'CADEIRA ODONTOLOGICA', '100001564', 15, NULL, NULL, 'A', '15'),
(143, 'POLTRONA ODONTOLOGICA', '100001568', 1, NULL, NULL, 'A', '1'),
(144, 'COMPRESSOR DE AR ODONTOLOGICO', '100001569', 4, NULL, NULL, 'A', '4'),
(145, 'CONJUNTO ODONTOLOGICO', '100001570', 5, NULL, NULL, 'A', '5'),
(146, 'FOCO ODONTOLOGICO', '100001571', 5, NULL, NULL, 'A', '5'),
(147, 'TURBINA ODONTOLOGICA', '100001572', 2, NULL, NULL, 'A', '2'),
(148, 'MICROMOTOR', '100001574', 3, NULL, NULL, 'A', '3'),
(149, 'UNIDADE AUXILIAR ODONTOLOGICA', '100001576', 3, NULL, NULL, 'A', '3'),
(150, 'CONTRA ANGULO ODONTOLOGICO', '100001577', 1, NULL, NULL, 'A', '1'),
(151, 'AUTOCLAVE USO ODONTOLOGICO HORIZONTAL', '100001579', 7, NULL, NULL, 'A', '7'),
(152, 'APARELHO DE RAIO X', '100001580', 33, NULL, NULL, 'A', '33'),
(153, 'MESA PARA EXAME DE RAIO-X', '100001583', 1, NULL, NULL, 'A', '1'),
(154, 'AVENTAL DE CHUMBO', '100001588', 1, NULL, NULL, 'A', '1'),
(155, 'COLETE DE CHUMBO', '100001597', 6, NULL, NULL, 'A', '6'),
(156, 'ANDADOR EM ACO', '100001608', 9, NULL, NULL, 'A', '9'),
(157, 'ARMARIO HOSPITALAR TIPO VITRINE', '100001609', 40, NULL, NULL, 'A', '40'),
(158, 'BALANCA ANTROPOMETRICA', '100001612', 21, NULL, NULL, 'A', '21'),
(159, 'CADEIRA DE RODAS', '100001616', 25, NULL, NULL, 'A', '25'),
(160, 'CADEIRA PARA BANHO', '100001618', 2, NULL, NULL, 'A', '2'),
(161, 'CAMA HOSPITALAR', '100001628', 213, NULL, NULL, 'A', '213'),
(162, 'CAMA PARA CONSULTA', '100001630', 3, NULL, NULL, 'A', '3'),
(163, 'CARRO DE CURATIVO', '100001634', 25, NULL, NULL, 'A', '25'),
(164, 'CARRO DE EMERGENCIA', '100001637', 7, NULL, NULL, 'A', '7'),
(165, 'CARRO PARA COLETA DE ROUPA SUJA', '100001648', 4, NULL, NULL, 'A', '4'),
(166, 'CARRO TIPO PLATAFORMA PARA ALMOXARIFADO', '100001650', 2, NULL, NULL, 'A', '2'),
(167, 'CARRO PARA TRANSPORTE DE ROUPA SECA', '100001652', 1, NULL, NULL, 'A', '1'),
(168, 'MACA HOSPITALAR', '100001655', 63, NULL, NULL, 'A', '63'),
(169, 'MESA HOSPITALAR AUXILIAR', '100001658', 14, NULL, NULL, 'A', '14'),
(170, 'MESA PARA CONSULTORIO', '100001662', 3, NULL, NULL, 'A', '3'),
(171, 'MESA GINECOLOGICA', '100001667', 8, NULL, NULL, 'A', '8'),
(172, 'MESA HOSPITALAR PARA EXAME GINECOLOGICO', '100001674', 4, NULL, NULL, 'A', '4'),
(173, 'MESA DE MAYO', '100001676', 9, NULL, NULL, 'A', '9'),
(174, 'MESA HOSPITALAR', '100001678', 13, NULL, NULL, 'A', '13'),
(175, 'REFLETOR PARA ANALISE CLINICA', '100001680', 1, NULL, NULL, 'A', '1'),
(176, 'REFLETOR USO HOSPITALAR', '100001682', 1, NULL, NULL, 'A', '1'),
(177, 'SUPORTE PARA BRACO', '100001684', 10, NULL, NULL, 'A', '10'),
(178, 'SUPORTE PARA SORO', '100001685', 39, NULL, NULL, 'A', '39'),
(179, 'ESCADA COM 02 DEGRAUS', '100001692', 39, NULL, NULL, 'A', '39'),
(180, 'BIOMBO HOSPITALAR', '100001694', 19, NULL, NULL, 'A', '19'),
(181, 'FOCO DE LUZ', '100001715', 3, NULL, NULL, 'A', '3'),
(182, 'FOCO CIRURGICO', '100001716', 9, NULL, NULL, 'A', '9'),
(183, 'PIA EM ACO INOX', '100001721', 24, NULL, NULL, 'A', '17'),
(184, 'PIA EM ACO', '100001722', 13, NULL, NULL, 'A', '13'),
(185, 'BANQUETA GIRATORIA', '100001789', 9, NULL, NULL, 'A', '9'),
(186, 'APARELHO OFTALMOSCOPIO', '100001798', 7, NULL, NULL, 'A', '7'),
(187, 'BOMBA DE INFUSAO', '100001940', 2, NULL, NULL, 'A', '2'),
(188, 'DESTILADOR DE AGUA', '100001953', 3, NULL, NULL, 'A', '3'),
(189, 'ESTUFA DE ESTERILIZACAO E SECAGEM', '100001954', 3, NULL, NULL, 'A', '3'),
(190, 'APARELHO FOTOPOLIMERIZADOR', '100001978', 9, NULL, NULL, 'A', '9'),
(191, 'COIFA', '100002193', 12, NULL, NULL, 'A', '12'),
(192, 'RELOGIO DE PONTO DIGITAL', '100002221', 2, NULL, NULL, 'A', '2'),
(193, 'RELOGIO DE PONTO MANUAL', '100002222', 1, NULL, NULL, 'A', '1'),
(194, 'BALANCA DE PLATAFORMA', '100002269', 1, NULL, NULL, 'A', '1'),
(195, 'BALANCA DIGITAL', '100002274', 7, NULL, NULL, 'A', '7'),
(196, 'BALANCA ELETRONICA', '100002275', 4, NULL, NULL, 'A', '4'),
(197, 'BALANCA ELETRONICA DIGITAL', '100002276', 6, NULL, NULL, 'A', '6'),
(198, 'BALANCA MECANICA', '100002277', 3, NULL, NULL, 'A', '3'),
(199, 'BALANCA DE PRECISAO', '100002279', 7, NULL, NULL, 'A', '7'),
(200, 'CAMARA DE TV CIRCUITO INTERNO', '100002323', 46, NULL, NULL, 'A', '46'),
(201, 'TRIPE PARA MAQUINA CINEMATOGRAFICA', '100002328', 1, NULL, NULL, 'A', '1'),
(202, 'CAMERA FOTOGRAFICA', '100002330', 30, NULL, NULL, 'A', '30'),
(203, 'CAMARA FOTOGRAFICA DIGITAL', '100002332', 6, NULL, NULL, 'A', '6'),
(204, 'PROJETOR DE MULTIMIDIA', '100002347', 7, NULL, NULL, 'A', '7'),
(205, 'RETROPROJETOR PORTATIL', '100002352', 1, NULL, NULL, 'A', '1'),
(206, 'RETROPROJETOR DE TRANSPARENCIA', '100002354', 1, NULL, NULL, 'A', '1'),
(207, 'TELA PARA PROJECAO', '100002357', 5, NULL, NULL, 'A', '5'),
(208, 'SISTEMA DE PROJECAO DE IMAGEM A PARTIR DE RAIO X', '100002364', 1, NULL, NULL, 'A', '1'),
(209, 'SWITCHER', '100002410', 1, NULL, NULL, 'A', '1'),
(210, 'TRIPE PARA MAQUINA FOTOGRAFICA', '100002414', 1, NULL, NULL, 'A', '1'),
(211, 'ESTEIRA TRANSPORTADORA DIDATICO', '100002514', 1, NULL, NULL, 'A', '1'),
(212, 'MICROCOMPUTADOR PENTIUM', '100002538', 79, NULL, NULL, 'A', '79'),
(213, 'MICROCOMPUTADOR CELERON', '100002541', 2, NULL, NULL, 'A', '2'),
(214, 'MICROCOMPUTADOR PROCESSADOR', '100002542', 156, NULL, NULL, 'A', '156'),
(215, 'MICROCOMPUTADOR TIPO DESKTOP BASICO', '100002544', 115, NULL, NULL, 'A', '115'),
(216, 'MICROCOMPUTADOR TIPO SERVIDOR', '100002551', 18, NULL, NULL, 'A', '18'),
(217, 'IMPRESSORA MATRICIAL', '100002574', 2, NULL, NULL, 'A', '2'),
(218, 'MONITOR DE VIDEO COLORIDO', '100002586', 2, NULL, NULL, 'A', '2'),
(219, 'SCANNER DE MESA', '100002589', 50, NULL, NULL, 'A', '40'),
(220, 'SWITCH COM 24 PORTAS', '100002605', 48, NULL, NULL, 'A', '1'),
(221, 'MONITOR DE SERVICO', '100002613', 2, NULL, NULL, 'A', '2'),
(222, 'LOUSA ELETRONICA', '100002653', 3, NULL, NULL, 'A', '3'),
(223, 'IMPRESSORA LASER', '100002655', 47, NULL, NULL, 'A', '47'),
(224, 'IMPRESSORA JATO DE TINTA', '100002656', 49, NULL, NULL, 'A', '49'),
(225, 'SWITCH COM 12 PORTAS', '100002662', 9, NULL, NULL, 'A', '9'),
(226, 'ARMARIO PARA COPA E COZINHA', '100002734', 8, NULL, NULL, 'A', '8'),
(227, 'ARMARIO DE PAREDE PARA COZINHA', '100002735', 2, NULL, NULL, 'A', '2'),
(228, 'ARMARIO GUARDA-ROUPA EM MADEIRA', '100002736', 11, NULL, NULL, 'A', '11'),
(229, 'ARMARIO GUARDA-ROUPA EM ACO', '100002737', 368, NULL, NULL, 'A', '368'),
(230, 'BICAMA EM METAL', '100002741', 36, NULL, NULL, 'A', '36'),
(231, 'CADEIRA PARA COPA E COZINHA', '100002747', 20, NULL, NULL, 'A', '20'),
(232, 'CADEIRA PARA VARANDA E JARDIM', '100002749', 5, NULL, NULL, 'A', '5'),
(233, 'CAMA DE SOLTEIRO', '100002751', 24, NULL, NULL, 'A', '24'),
(234, 'CAMA TIPO BELICHE', '100002752', 33, NULL, NULL, 'A', '33'),
(235, 'CAMA TIPO BELICHE EM ACO', '100002753', 46, NULL, NULL, 'A', '46'),
(236, 'GUARDA ROUPA EM ACO PARA VESTUARIO', '100002761', 71, NULL, NULL, 'A', '71'),
(237, 'GUARDA ROUPA EM ACO', '100002764', 10, NULL, NULL, 'A', '10'),
(238, 'MESA PARA VARANDA E JARDIM', '100002767', 5, NULL, NULL, 'A', '5'),
(239, 'MESA EM PLASTICO', '100002768', 8, NULL, NULL, 'A', '8'),
(240, 'MESA PARA REFEITORIO', '100002769', 47, NULL, NULL, 'A', '29'),
(241, 'MESA DE CENTRO EM MADEIRA', '100002770', 3, NULL, NULL, 'A', '3'),
(242, 'MESA DE CENTRO EM MARMORE', '100002771', 4, NULL, NULL, 'A', '4'),
(243, 'MESA DE CENTRO EM VIDRO', '100002775', 1, NULL, NULL, 'A', '1'),
(244, 'MESA DE USO DIVERSO EM ACO', '100002779', 2, NULL, NULL, 'A', '2'),
(245, 'MESA DE USO DIVERSO EM MADEIRA', '100002780', 3, NULL, NULL, 'A', '3'),
(246, 'MESA DE USO DIVERSO EM PLASTICO', '100002781', 17, NULL, NULL, 'A', '17'),
(247, 'MESA LATERAL EM MADEIRA', '100002782', 1, NULL, NULL, 'A', '1'),
(248, 'MESA LATERAL EM METAL', '100002784', 2, NULL, NULL, 'A', '2'),
(249, 'POLTRONA PARA CONJUNTO ESTOFADO EM COURVIM', '100002790', 1, NULL, NULL, 'A', '1'),
(250, 'POLTRONA TIPO MODULO EM COURVIM', '100002793', 8, NULL, NULL, 'A', '8'),
(251, 'SOFA EM COURVIM', '100002800', 6, NULL, NULL, 'A', '6'),
(252, 'SOFA EM TECIDO', '100002801', 1, NULL, NULL, 'A', '1'),
(253, 'SOFA EM COURO', '100002804', 7, NULL, NULL, 'A', '4'),
(254, 'SUPORTE PARA TV', '100002810', 1, NULL, NULL, 'A', '1'),
(255, 'BELICHE EM METAL', '100002822', 132, NULL, NULL, 'A', '132'),
(256, 'BELICHE EM MADEIRA', '100002823', 9, NULL, NULL, 'A', '9'),
(257, 'ARMARIO MEDIO EM MADEIRA', '100002824', 49, NULL, NULL, 'A', '49'),
(258, 'ARMARIO MEDIO EM AÇO', '100002825', 16, NULL, NULL, 'A', '16'),
(259, 'PRATELEIRA SUSPENSA', '100002827', 4, NULL, NULL, 'A', '4'),
(260, 'ESTANTE EM ACO INOX', '100002836', 24, NULL, NULL, 'A', '24'),
(261, 'ARQUIVO EM ACO COM 02 GAVETAS', '100002839', 3, NULL, NULL, 'A', '3'),
(262, 'ARQUIVO EM ACO COM 03 GAVETAS', '100002840', 2, NULL, NULL, 'A', '2'),
(263, 'ARQUIVO EM ACO COM 04 GAVETAS', '100002841', 945, NULL, NULL, 'A', '945'),
(264, 'ARQUIVO EM ACO COM 06 GAVETAS', '100002843', 1, NULL, NULL, 'A', '1'),
(265, 'ARQUIVO EM ACO COM 07 GAVETAS', '100002844', 1, NULL, NULL, 'A', '1'),
(266, 'ARQUIVO EM ACO SOBRE CARRINHO', '100002845', 1, NULL, NULL, 'A', '1'),
(267, 'ARQUIVO EM ACO COM 08 GAVETAS', '100002848', 3, NULL, NULL, 'A', '3'),
(268, 'ARQUIVO EM MADEIRA COM 02 GAVETAS', '100002850', 1, NULL, NULL, 'A', '1'),
(269, 'ARQUIVO EM MADEIRA COM 04 GAVETAS', '100002852', 16, NULL, NULL, 'A', '16'),
(270, 'BANQUETA EM ACO', '100002864', 6, NULL, NULL, 'A', '6'),
(271, 'CADEIRA ALTA TIPO CAIXA EM COURVIM', '100002868', 3, NULL, NULL, 'A', '3'),
(272, 'CADEIRA ALTA TIPO CAIXA EM TECIDO', '100002872', 3, NULL, NULL, 'A', '3'),
(273, 'CADEIRA FIXA EM COURVIM', '100002873', 431, NULL, NULL, 'A', '431'),
(274, 'CADEIRA FIXA EM MADEIRA', '100002874', 32, NULL, NULL, 'A', '32'),
(275, 'CADEIRA FIXA EM PLASTICO', '100002876', 488, NULL, NULL, 'A', '488'),
(276, 'CADEIRA FIXA EM TECIDO', '100002877', 93, NULL, NULL, 'A', '93'),
(277, 'CADEIRA FIXA EM METAL', '100002878', 43, NULL, NULL, 'A', '43'),
(278, 'CADEIRA FIXA EM VINIL', '100002881', 438, NULL, NULL, 'A', '438'),
(279, 'CADEIRA GIRATORIA EM COURVIM', '100002882', 366, NULL, NULL, 'A', '366'),
(280, 'CADEIRA GIRATORIA EM TECIDO', '100002885', 266, NULL, NULL, 'A', '266'),
(281, 'CADEIRA GIRATORIA EM MADEIRA', '100002886', 9, NULL, NULL, 'A', '9'),
(282, 'CADEIRA GIRATORIA  EM VINIL', '100002887', 154, NULL, NULL, 'A', '154'),
(283, 'COFRE EM ACO DE CHAO', '100002896', 2, NULL, NULL, 'A', '2'),
(284, 'FICHARIO EM ACO', '100002906', 5, NULL, NULL, 'A', '5'),
(285, 'FICHARIO EM MADEIRA', '100002908', 1, NULL, NULL, 'A', '1'),
(286, 'MESA PARA ESCRITORIO EM METAL', '100002913', 54, NULL, NULL, 'A', '54'),
(287, 'MESA PARA ESCRITORIO EM MADEIRA', '100002914', 472, NULL, NULL, 'A', '472'),
(288, 'MESA PARA ESCRITORIO CONJUGADA COM MESA AUXILIAR E CONEXAO', '100002917', 8, NULL, NULL, 'A', '8'),
(289, 'MESA PARA MAQUINA DE ESCREVER EM ACO', '100002918', 20, NULL, NULL, 'A', '20'),
(290, 'MESA PARA MAQUINA DE ESCREVER EM MADEIRA', '100002919', 32, NULL, NULL, 'A', '32'),
(291, 'MESA PARA REUNIAO  EM MADEIRA', '100002920', 80, NULL, NULL, 'A', '80'),
(292, 'MESA PARA REUNIAO  EM METAL', '100002921', 1, NULL, NULL, 'A', '1'),
(293, 'MESA PARA REUNIAO  EM MARMORE', '100002922', 1, NULL, NULL, 'A', '1'),
(294, 'MESA PARA TELEFONE EM METAL', '100002924', 1, NULL, NULL, 'A', '1'),
(295, 'MESA PARA TELEFONE EM MADEIRA', '100002925', 49, NULL, NULL, 'A', '48'),
(296, 'POLTRONA FIXA EM COURVIM', '100002927', 34, NULL, NULL, 'A', '34'),
(297, 'POLTRONA FIXA EM TECIDO', '100002930', 17, NULL, NULL, 'A', '17'),
(298, 'POLTRONA FIXA EM MADEIRA', '100002931', 1, NULL, NULL, 'A', '1'),
(299, 'POLTRONA FIXA ESPALDAR MEDIO EM TECIDO', '100002932', 59, NULL, NULL, 'A', '59'),
(300, 'POLTRONA GIRATORIA EM COURVIM', '100002934', 27, NULL, NULL, 'A', '27'),
(301, 'POLTRONA GIRATORIA EM TECIDO', '100002936', 31, NULL, NULL, 'A', '31'),
(302, 'POLTRONA GIRATORIA EM COURO', '100002937', 2, NULL, NULL, 'A', '2'),
(303, 'SUPORTE DE MESA PARA TELEFONE', '100002941', 1, NULL, NULL, 'A', '1'),
(304, 'GAVETEIRO EM MADEIRA', '100002943', 124, NULL, NULL, 'A', '124'),
(305, 'GAVETEIRO EM METAL', '100002944', 2, NULL, NULL, 'A', '2'),
(306, 'GAVETEIRO VOLANTE EM MADEIRA', '100002945', 6, NULL, NULL, 'A', '6'),
(307, 'ARQUIVO PARA PASTA SUSPENSA', '100002951', 3, NULL, NULL, 'A', '3'),
(308, 'POLTRONA FIXA  ESPALDAR ALTO EM COURVIM', '100002956', 4, NULL, NULL, 'A', '4'),
(309, 'POLTRONA FIXA  ESPALDAR ALTO EM TECIDO', '100002959', 3, NULL, NULL, 'A', '3'),
(310, 'POLTRONA GIRATORIA  ESPALDAR ALTO EM COURVIM', '100002961', 37, NULL, NULL, 'A', '37'),
(311, 'POLTRONA GIRATORIA  ESPALDAR ALTO EM TECIDO', '100002963', 11, NULL, NULL, 'A', '11'),
(312, 'POLTRONA GIRATORIA  ESPALDAR MEDIO EM TECIDO', '100002964', 13, NULL, NULL, 'A', '13'),
(313, 'POLTRONA GIRATORIA  ESPALDAR MEDIO EM COURVIM', '100002965', 1, NULL, NULL, 'A', '1'),
(314, 'MESA PARA MICRO/TERMINAL DE COMPUTADOR', '100002970', 188, NULL, NULL, 'A', '188'),
(315, 'MESA PARA IMPRESSORA', '100002971', 25, NULL, NULL, 'A', '25'),
(316, 'MESA CONEXAO', '100002974', 3, NULL, NULL, 'A', '3'),
(317, 'MESA ESCRITURARIO', '100002976', 2, NULL, NULL, 'A', '2'),
(318, 'MESA AUXILIAR', '100002985', 181, NULL, NULL, 'A', '1'),
(319, 'ARMARIO ESTANTE', '100002989', 22, NULL, NULL, 'A', '22'),
(320, 'ARMARIO EM ACO', '100002991', 161, NULL, NULL, 'A', '161'),
(321, 'LONGARINA COM 03 LUGARES', '100002994', 35, NULL, NULL, 'A', '35'),
(322, 'LONGARINA COM 02 LUGARES', '100002995', 8, NULL, NULL, 'A', '8'),
(323, 'LONGARINA COM 04 LUGARES', '100002996', 19, NULL, NULL, 'A', '19'),
(324, 'LONGARINA COM 05 LUGARES', '100002997', 6, NULL, NULL, 'A', '6'),
(325, 'ARMARIO ALTO EM ACO', '100003006', 443, NULL, NULL, 'A', '443'),
(326, 'ARMARIO ALTO EM MADEIRA', '100003007', 105, NULL, NULL, 'A', '105'),
(327, 'ARMARIO ALTO TIPO ESTANTE', '100003008', 17, NULL, NULL, 'A', '17'),
(328, 'ARMARIO ALTO TIPO ESTANTE EM MADEIRA', '100003009', 3, NULL, NULL, 'A', '3'),
(329, 'ARMARIO BAIXO EM ACO', '100003010', 6, NULL, NULL, 'A', '6'),
(330, 'ARMARIO BAIXO EM MADEIRA', '100003011', 42, NULL, NULL, 'A', '42'),
(331, 'ESTANTE EM ACO', '100003016', 644, NULL, NULL, 'A', '30'),
(332, 'ESTANTE EM MADEIRA', '100003017', 9, NULL, NULL, 'A', '6'),
(333, 'MESA PARA FAX EM MADEIRA', '100003030', 6, NULL, NULL, 'A', '6'),
(334, 'MESA DE TRABALHO FORMATO EM L', '100003039', 11, NULL, NULL, 'A', '11'),
(335, 'MESA DE TRABALHO COM 03 GAVETAS', '100003040', 22, NULL, NULL, 'A', '22'),
(336, 'MESA DE TRABALHO EM MADEIRA', '100003041', 366, NULL, NULL, 'A', '366'),
(337, 'MESA ESTAÇÃO DE TRABALHO', '100003047', 7, NULL, NULL, 'A', '7'),
(338, 'MESA DE CANTO', '100003048', 3, NULL, NULL, 'A', '3'),
(339, 'ARMARIO ESTANTE EM MADEIRA', '100003057', 41, NULL, NULL, 'A', '41'),
(340, 'MESA DE CENTRO EM GRANITO', '100003062', 2, NULL, NULL, 'A', '2'),
(341, 'SOFA EM MADEIRA', '100003063', 1, NULL, NULL, 'A', '1'),
(342, 'CREDENZA EM MADEIRA', '100003067', 1, NULL, NULL, 'A', '1'),
(343, 'ESTANTE EM ACO COM 06 PRATELEIRAS', '100003071', 45, NULL, NULL, 'A', '45'),
(344, 'BALCAO EM ACO', '100003075', 9, NULL, NULL, 'A', '9'),
(345, 'BALCAO EM MADEIRA', '100003076', 4, NULL, NULL, 'A', '4'),
(346, 'BANCADA DE TRABALHO EM ACO', '100003080', 54, NULL, NULL, 'A', '54'),
(347, 'BANCADA DE TRABALHO EM MADEIRA', '100003081', 28, NULL, NULL, 'A', '28'),
(348, 'CADEIRA UNIVERSITARIA', '100003084', 499, NULL, NULL, 'A', '498'),
(349, 'CADEIRA ESCOLAR', '100003085', 94, NULL, NULL, 'A', '94'),
(350, 'CAVALETE PARA FLIP CHART', '100003092', 3, NULL, NULL, 'A', '3'),
(351, 'QUADRO BRANCO', '100003104', 35, NULL, NULL, 'A', '35'),
(352, 'QUADRO DE AVISO', '100003105', 9, NULL, NULL, 'A', '9'),
(353, 'MURAL EM MADEIRA', '100003125', 1, NULL, NULL, 'A', '1'),
(354, 'MODULO ARMARIO PARA ESCRITORIO', '100003132', 1, NULL, NULL, 'A', '1'),
(355, 'CLAVICULARIO EM ACO', '100003157', 6, NULL, NULL, 'A', '6'),
(356, 'BALDE A PEDAL EM ACO INOX', '100003168', 2, NULL, NULL, 'A', '2'),
(357, 'CARRO COLETOR', '100003171', 13, NULL, NULL, 'A', '13'),
(358, 'ELIMINADOR DE MOSCAS', '100003173', 1, NULL, NULL, 'A', '1'),
(359, 'FERRO DE PASSAR ROUPA AUTOMATICO', '100003174', 7, NULL, NULL, 'A', '7'),
(360, 'MAQUINA DE COSTURA TIPO INDUSTRIAL', '100003176', 2, NULL, NULL, 'A', '2'),
(361, 'TABUA DE PASSA ROUPA', '100003179', 1, NULL, NULL, 'A', '1'),
(362, 'ESCADA EM ALUMINIO', '100003183', 5, NULL, NULL, 'A', '5'),
(363, 'CARRO P/DISTRIBUICAO DE ALIMENTOS', '100003187', 2, NULL, NULL, 'A', '2'),
(364, 'FOGAO TIPO CAMPING', '100003190', 1, NULL, NULL, 'A', '1'),
(365, 'FOGAO TIPO INDUSTRIAL', '100003191', 7, NULL, NULL, 'A', '7'),
(366, 'FOGAO TIPO RESIDENCIAL', '100003192', 1, NULL, NULL, 'A', '1'),
(367, 'FORNO DE MICROONDAS', '100003194', 50, NULL, NULL, 'A', '50'),
(368, 'FORNO TIPO INDUSTRIAL', '100003196', 4, NULL, NULL, 'A', '4'),
(369, 'FORNO ELETRICO TIPO INDUSTRIAL', '100003197', 16, NULL, NULL, 'A', '16'),
(370, 'FORNO ELETRICO TIPO DOMESTICO', '100003198', 1, NULL, NULL, 'A', '1'),
(371, 'FRITADEIRA TIPO INDUSTRIAL', '100003200', 2, NULL, NULL, 'A', '2'),
(372, 'REFRESQUEIRA ELETRICA', '100003201', 1, NULL, NULL, 'A', '1'),
(373, 'REFRESQUEIRA COMERCIAL', '100003202', 4, NULL, NULL, 'A', '4'),
(374, 'ESTUFA PARA ALIMENTOS ELETRICA', '100003210', 6, NULL, NULL, 'A', '6'),
(375, 'BALCAO TERMICO', '100003211', 7, NULL, NULL, 'A', '7'),
(376, 'CAFETEIRA ELETRICA INDUSTRIAL', '100003217', 4, NULL, NULL, 'A', '4'),
(377, 'ESTUFA NEUTRA', '100003221', 1, NULL, NULL, 'A', '1'),
(378, 'ESTUFA PARA DISTRIBUICAO DE ALIMENTOS', '100003223', 2, NULL, NULL, 'A', '2'),
(379, 'CAFETEIRA PARA CAFE EXPRESSO', '100003228', 1, NULL, NULL, 'A', '1'),
(380, 'AUTOCLAVE PARA COCCAO', '100003229', 6, NULL, NULL, 'A', '6'),
(381, 'AMACIADOR DE BIFE ELETRICO', '100003231', 1, NULL, NULL, 'A', '1'),
(382, 'BATEDEIRA DE BOLO TIPO INDUSTRIAL', '100003233', 7, NULL, NULL, 'A', '7'),
(383, 'LAVADORA DE LOUCAS TIPO INDUSTRIAL', '100003243', 1, NULL, NULL, 'A', '1'),
(384, 'LIQUIDIFICADOR TIPO INDUSTRIAL', '100003244', 8, NULL, NULL, 'A', '8'),
(385, 'DESCASCADOR DE LEGUMES INDUSTRIAL', '100003253', 1, NULL, NULL, 'A', '1'),
(386, 'MODELADOR DE MESA ELETRICO PARA MASSAS', '100003255', 9, NULL, NULL, 'A', '9'),
(387, 'CILINDRO PARA MASSAS', '100003258', 16, NULL, NULL, 'A', '16'),
(388, 'ARMARIO PARA FERMENTACAO DE MASSAS', '100003259', 14, NULL, NULL, 'A', '14'),
(389, 'BATEDEIRA PLANETARIA ELETRICA', '100003266', 5, NULL, NULL, 'A', '5'),
(390, 'CALDEIRAO EM ACO INOX', '100003268', 5, NULL, NULL, 'A', '5'),
(391, 'CUBA EM ACO INOX', '100003269', 1, NULL, NULL, 'A', '1'),
(392, 'PANELA DE PRESSAO INDUSTRIAL', '100003274', 7, NULL, NULL, 'A', '7'),
(393, 'CORTADOR DE LEGUMES MANUAL', '100003276', 2, NULL, NULL, 'A', '2'),
(394, 'DESCASCADOR DE BATATAS INOXIDAVEL', '100003278', 2, NULL, NULL, 'A', '2'),
(395, 'ESPREMEDOR DE FRUTAS', '100003282', 2, NULL, NULL, 'A', '2'),
(396, 'BANDEJA EM ACO INOX', '100003288', 1, NULL, NULL, 'A', '1'),
(397, 'CALCULADORA DIGITAL', '100003304', 3, NULL, NULL, 'A', '3'),
(398, 'MAQUINA DE ESCREVER MECANICA', '100003308', 6, NULL, NULL, 'A', '6'),
(399, 'MAQUINA DE ESCREVER ELETRICA', '100003309', 1, NULL, NULL, 'A', '1'),
(400, 'PLASTIFICADORA DE DOCUMENTOS', '100003334', 2, NULL, NULL, 'A', '2'),
(401, 'LIVRO', '100003360', 18, NULL, NULL, 'A', '18'),
(402, 'CAVAQUINHO EM MADEIRA', '100003372', 4, NULL, NULL, 'A', '4'),
(403, 'VIOLAO COM 06 CORDAS', '100003387', 6, NULL, NULL, 'A', '6'),
(404, 'TECLADO MUSICAL', '100003388', 2, NULL, NULL, 'A', '2'),
(405, 'TIMBAL  MUSICAL', '100003392', 5, NULL, NULL, 'A', '5'),
(406, 'PANDEIRO MUSICAL', '100003393', 6, NULL, NULL, 'A', '6'),
(407, 'ATABAQUE', '100003397', 2, NULL, NULL, 'A', '2'),
(408, 'RECO RECO', '100003405', 2, NULL, NULL, 'A', '2'),
(409, 'BERIMBAU', '100003412', 5, NULL, NULL, 'A', '5'),
(410, 'TRIANGULO MUSICAL NIQUELADO', '100003429', 1, NULL, NULL, 'A', '1'),
(411, 'TELEVISOR EM CORES', '100003447', 102, NULL, NULL, 'A', '102'),
(412, 'APARELHO DE MICRO SYSTEM', '100003453', 18, NULL, NULL, 'A', '18'),
(413, 'APARELHO DE VIDEO CASSETE', '100003455', 1, NULL, NULL, 'A', '1'),
(414, 'APARELHO DE DVD', '100003458', 27, NULL, NULL, 'A', '27'),
(415, 'ESCORREGADOR EM ACO', '100003481', 1, NULL, NULL, 'A', '1'),
(416, 'ASPIRADOR DE PO TIPO INDUSTRIAL', '100003520', 1, NULL, NULL, 'A', '1'),
(417, 'ENCERADEIRA TIPO DOMESTICA', '100003521', 1, NULL, NULL, 'A', '1'),
(418, 'ENCERADEIRA TIPO INDUSTRIAL', '100003522', 1, NULL, NULL, 'A', '1'),
(419, 'CILINDRO PARA OXIGENIO', '100003533', 20, NULL, NULL, 'A', '20'),
(420, 'ARMARIO ALTO EM ACO COM 02 PORTAS', '100003947', 2, NULL, NULL, 'A', '2'),
(421, 'ARMARIO EM ACO COM 02 PORTAS', '100003952', 1, NULL, NULL, 'A', '1'),
(422, 'CADEIRA FIXA', '100004008', 4, NULL, NULL, 'A', '2'),
(423, 'CADEIRA GIRATORIA EM CORVIM', '100004013', 1, NULL, NULL, 'A', '1'),
(424, 'ESTANTE DE ACO', '100004152', 10, NULL, NULL, 'A', '10'),
(425, 'PIA EM INOX TIPO LAVANDERIA', '100004576', 1, NULL, NULL, 'A', '1'),
(426, 'PIA-ESTRUTURA METALICA-UMA CUBA', '100005928', 1, NULL, NULL, 'A', '1'),
(427, 'ARMARIO ALTO COM 02 PORTAS', '100006176', 12, NULL, NULL, 'A', '12'),
(428, 'ARMARIO ACO 02 PORTAS', '100007612', 13, NULL, NULL, 'A', '13'),
(429, 'MESA DE TRABALHO', '100007670', 2, NULL, NULL, 'A', '2'),
(430, 'ARQUIVO ACO 04 GAVETAS', '100007765', 6, NULL, NULL, 'A', '6'),
(431, 'ARQUIVO EM ACO', '100007775', 1, NULL, NULL, 'A', '1'),
(432, 'ARMARIO EM ACO C/02 PORTAS', '100007815', 7, NULL, NULL, 'A', '7'),
(433, 'EXTRATOR CENTRIFUGO INDUSTRIAL', '100008923', 2, NULL, NULL, 'A', '2'),
(434, 'MASCARA FACIAL', '100008925', 1, NULL, NULL, 'A', '1'),
(435, 'GRAVADOR DIGITAL', '100008931', 3, NULL, NULL, 'A', '3'),
(436, 'SWITCH COM 08 PORTAS', '100012794', 16, NULL, NULL, 'A', '16'),
(437, 'MICROCAMERA PARA SISTEMA DE SEGURANCA', '100012827', 1, NULL, NULL, 'A', '1'),
(438, 'MURAL EM ALUMINIO', '100012833', 1, NULL, NULL, 'A', '1'),
(439, 'FOGAO ELETRICO', '100012835', 1, NULL, NULL, 'A', '1'),
(440, 'BEBEDOURO DE AGUA TIPO INDUSTRIAL', '100012837', 2, NULL, NULL, 'A', '2'),
(441, 'BATERIA PARA SISTEMA DE SEGURANCA', '100012849', 1, NULL, NULL, 'A', '1'),
(442, 'MULTIPROCESSADOR DE ALIMENTOS', '100012856', 1, NULL, NULL, 'A', '1'),
(443, 'FRAGMENTADORA DE PAPEL, CD ROOM, DISQUETE E CARTAO DE CREDITO', '100012881', 5, NULL, NULL, 'A', '5'),
(444, 'ARMARIO TIPO RACK', '100012888', 1, NULL, NULL, 'A', '1'),
(445, 'PRATELEIRA INOX', '100012891', 7, NULL, NULL, 'A', '7'),
(446, 'PRATELEIRA EM ACO INOX', '100012892', 10, NULL, NULL, 'A', '10'),
(447, 'PRATELEIRA TIPO GUICHET EM ACO INOX', '100012893', 2, NULL, NULL, 'A', '2'),
(448, 'ESTANTE PARA CAMARA FRIGORIFICA', '100012894', 4, NULL, NULL, 'A', '4'),
(449, 'PRATELEIRA SUPERIOR', '100012895', 7, NULL, NULL, 'A', '7'),
(450, 'LAVANDERIA MANUAL', '100012897', 3, NULL, NULL, 'A', '3'),
(451, 'MONITOR DE VIDEO LCD', '100012904', 129, NULL, NULL, 'A', '129'),
(452, 'VEICULO AMBULÂNCIA', '100012942', 8, NULL, NULL, 'A', '8'),
(453, 'VEICULO MICROÔNIBUS', '100012948', 1, NULL, NULL, 'A', '1'),
(454, 'VEICULO FURGAO', '100012949', 44, NULL, NULL, 'A', '44'),
(455, 'VEICULO PASSAGEIRO', '100012952', 25, NULL, NULL, 'A', '25'),
(456, 'VEICULO PICK UP', '100012953', 1, NULL, NULL, 'A', '1'),
(457, 'TRANSFORMADOR DE FORCA', '100012964', 3, NULL, NULL, 'A', '3'),
(458, 'NOBREAK', '100012982', 105, NULL, NULL, 'A', '105'),
(459, 'VEICULO CAMINHAO', '100013003', 6, NULL, NULL, 'A', '6'),
(460, 'PEDESTAL PARA MICROFONE', '100013095', 4, NULL, NULL, 'A', '4'),
(461, 'PLAINA ELETRICA', '100013112', 1, NULL, NULL, 'A', '1'),
(462, 'DVR VIDEO MONITORAMENTO DE IMAGENS DIGITAL', '100013150', 2, NULL, NULL, 'A', '2'),
(463, 'MAQUINA DE SERRAR MARMORE', '100013159', 1, NULL, NULL, 'A', '1'),
(464, 'CAMERA SPEED DOME', '100013176', 3, NULL, NULL, 'A', '3'),
(465, 'RACK PADRAO 19 POLEGADAS', '100013184', 2, NULL, NULL, 'A', '2'),
(466, 'CONDICIONADOR DE AR DE JANELA', '100013199', 41, NULL, NULL, 'A', '41'),
(467, 'MICROCOMPUTADOR TIPO AVANCADO', '100013265', 1, NULL, NULL, 'A', '1'),
(468, 'COFRE EM ACO', '100013269', 12, NULL, NULL, 'A', '12'),
(469, 'CARRO CACAMBA PARA ROUPA', '100013275', 2, NULL, NULL, 'A', '2'),
(470, 'FILMADORA', '100013292', 2, NULL, NULL, 'A', '1'),
(471, 'CORTADOR DE LEGUMES ELETRICO', '100013295', 1, NULL, NULL, 'A', '1'),
(472, 'ESTUFA DE ESTERELIZACAO', '100013313', 5, NULL, NULL, 'A', '5'),
(473, 'BEBEDOURO DE AGUA ELETRICO SUSPENSO', '100013318', 1, NULL, NULL, 'A', '1'),
(474, 'DISCO RIGIDO EXTERNO', '100013331', 8, NULL, NULL, 'A', '8'),
(475, 'CADEIRA EMPILHAVEL TIPO CONCHA', '100013333', 55, NULL, NULL, 'A', '55'),
(476, 'MICROCOMPUTADOR PORTATIL NOTEBOOK', '100013340', 19, NULL, NULL, 'A', '19'),
(477, 'IMPRESSORA MULTIFUNCIONAL', '100013346', 10, NULL, NULL, 'A', '10'),
(478, 'AGOGO EM ACO CROMADO', '100013354', 1, NULL, NULL, 'A', '1'),
(479, 'BALCAO DE ATENDIMENTO', '100013361', 8, NULL, NULL, 'A', '8'),
(480, 'SISTEMA DE VIDEO CONFERENCIA', '100013373', 70, NULL, NULL, 'A', '70'),
(481, 'DISCO RIGIDO HD', '100013375', 5, NULL, NULL, 'A', '5'),
(482, 'MODELADOR DE PAO', '100013377', 2, NULL, NULL, 'A', '2'),
(483, 'ESFIGMOMANOMETRO PARA ADULTO', '100021999', 18, NULL, NULL, 'A', '18'),
(484, 'MESA RETANGULAR', '100022008', 3, NULL, NULL, 'A', '3'),
(485, 'CAMERA INFRA VERMELHO', '100022023', 9, NULL, NULL, 'A', '9'),
(486, 'MICROCOMPUTADOR DUAL CORE', '100022099', 3, NULL, NULL, 'A', '3'),
(487, 'PATCH PANEL 24 PORTAS', '100022101', 4, NULL, NULL, 'A', '4'),
(488, 'MESA EM AÇO', '100022109', 16, NULL, NULL, 'A', '16'),
(489, 'MACA FIXA', '100022113', 2, NULL, NULL, 'A', '2'),
(490, 'WEB CAM', '100022122', 5, NULL, NULL, 'A', '5'),
(491, 'FURADEIRA DE IMPACTO', '100022135', 2, NULL, NULL, 'A', '2'),
(492, 'LEITOR BIOMETRICO DE DIGITAIS', '100022146', 5, NULL, NULL, 'A', '5'),
(493, 'MICROCOMPUTADOR NETBOOK', '100022149', 1, NULL, NULL, 'A', '1'),
(494, 'MAQUINA FRAGMENTADORA', '100022160', 1, NULL, NULL, 'A', '1'),
(495, 'CADEIRA OPERACIONAL PARA BANCADA', '100022166', 2, NULL, NULL, 'A', '2'),
(496, 'MESA DE APOIO', '100022167', 9, NULL, NULL, 'A', '9'),
(497, 'CENTRAL DE VIDEOMONITORAMENTO', '100022175', 3, NULL, NULL, 'A', '3'),
(498, 'MAQUINA SELADORA', '100022176', 1, NULL, NULL, 'A', '1'),
(499, 'MICROCOMPUTADOR CORE 2 DUO', '100022179', 11, NULL, NULL, 'A', '11'),
(500, 'TRANSMISSOR DE TV', '100022200', 1, NULL, NULL, 'A', '1'),
(501, 'APARELHO NEBULIZADOR INALADOR', '100022202', 1, NULL, NULL, 'A', '1'),
(502, 'LIXEIRA EM ACO INOXIDAVEL', '100022227', 2, NULL, NULL, 'A', '2'),
(503, 'SERVIDOR ARMAZENAMENTO', '100022297', 3, NULL, NULL, 'A', '3'),
(504, 'MICROCOMPUTADOR ULTRAPORTATIL NETBOOK', '100022303', 1, NULL, NULL, 'A', '1'),
(505, 'REPRODUTOR DE SINAIS VIDEO FONICO / DVD', '100022304', 1, NULL, NULL, 'A', '1'),
(506, 'CAMERA MINE DOME', '100022317', 53, NULL, NULL, 'A', '53'),
(507, 'JOYSTICK', '100022328', 1, NULL, NULL, 'A', '1'),
(508, 'BALANCA ELETRICA', '100022371', 1, NULL, NULL, 'A', '1'),
(509, 'RACK', '100022401', 4, NULL, NULL, 'A', '4'),
(510, 'COLETE BALISTICO', '100022467', 268, NULL, NULL, 'A', '268'),
(511, 'MICROCOMPUTADOR TIPO TABLET', '100022469', 20, NULL, NULL, 'A', '20'),
(512, 'BEBEDOURO ELETRICO EM INOX', '100022524', 3, NULL, NULL, 'A', '3'),
(513, 'BANCO EM MADEIRA', '100022541', 4, NULL, NULL, 'A', '4'),
(514, 'PORTAL MAGNETICO', '100022729', 5, NULL, NULL, 'A', '5'),
(515, 'CHAPA AQUECEDORA', '100022803', 1, NULL, NULL, 'A', '1'),
(516, 'CADEIRA EM POLIPROPILENO FIXA SEM BRACOS', '100022806', 134, NULL, NULL, 'A', '134'),
(517, 'MICROCOMPUTADOR CORE I7', '100022808', 19, NULL, NULL, 'A', '19'),
(518, 'MICROCOMPUTADOR CORE I 3', '100022827', 412, NULL, NULL, 'A', '412'),
(519, 'MICROCOMPUTADOR CORE I5', '100022828', 138, NULL, NULL, 'A', '138'),
(520, 'TELEVISOR LCD', '100022830', 71, NULL, NULL, 'A', '71'),
(521, 'COLETOR DE DADOS INTEGRADOS', '100022853', 2, NULL, NULL, 'A', '2'),
(522, 'TELEVISOR DE LED', '100022858', 27, NULL, NULL, 'A', '27'),
(523, 'SWITCH ETHERNET', '100022925', 1, NULL, NULL, 'A', '1'),
(524, 'POLTRONA GIRATORIA EM COURO ECOLOGICO', '100022926', 19, NULL, NULL, 'A', '19'),
(525, 'MESA COM ESTRUTURA EM ALUMINIO', '100022943', 1, NULL, NULL, 'A', '1'),
(526, 'APARELHO ADIPOMETRO', '100022981', 6, NULL, NULL, 'A', '6'),
(527, 'SOFANETE DE 02 LUGARES', '100023002', 2, NULL, NULL, 'A', '2'),
(528, 'SOFANETE DE 03 LUGARES', '100023130', 3, NULL, NULL, 'A', '3'),
(529, 'CADEIRA GIRATORIA EM COURO ECOLOGICO', '100023133', 52, NULL, NULL, 'A', '52'),
(530, 'BIOMBO DE 3 PANOS', '100023172', 10, NULL, NULL, 'A', '10'),
(531, 'GUILHOTINA MANUAL', '100023178', 1, NULL, NULL, 'A', '1'),
(532, 'PURIFICADOR DE AGUA POR OSMOSE REVERSA', '100023278', 1, NULL, NULL, 'A', '1'),
(533, 'MICROCOMPUTADOR SEM MONITOR', '100023302', 47, NULL, NULL, 'A', '47'),
(534, 'CERCA METALICA', '100023307', 100, NULL, NULL, 'A', '100'),
(535, 'MESA AUXILIAR EM ACO INOX PARA UNIDADE PRODUTIVA', '100023382', 4, NULL, NULL, 'A', '4'),
(536, 'EXAUSTOR DE AR INDUSTRIAL DE PAREDE', '100023397', 3, NULL, NULL, 'A', '3'),
(537, 'CARRINHO PARA TRANSPORTE', '100023407', 1, NULL, NULL, 'A', '1'),
(538, 'MONITOR DE VIDEO LED', '100023469', 6, NULL, NULL, 'A', '6'),
(539, 'CHAPEU CHINES PARA CHAMINE', '100023511', 1, NULL, NULL, 'A', '1'),
(540, 'APARELHO SCANNER DE CORPOS PARA EXAME', '100023514', 1, NULL, NULL, 'A', '1'),
(541, 'BANCADA DE TRABALHO DE FERRO', '100023527', 1, NULL, NULL, 'A', '1'),
(542, 'BANCADA PARA PIA', '100023531', 2, NULL, NULL, 'A', '2'),
(543, 'AMASSADEIRA INDUSTRIAL', '100023639', 5, NULL, NULL, 'A', '5'),
(544, 'SCANNER DE PAGINA', '100023664', 1, NULL, NULL, 'A', '1'),
(545, 'teste hoje novo', '102030', 10, '2018-10-02', '1500.00', 'I', ''),
(546, 'Item Teste Agora ADICIONEI MAIS COISAS', '100050', 5000, '2018-10-03', '850.00', 'A', ''),
(547, 'notebook sansung', '123', 1, '2018-10-06', '15.60', 'A', ''),
(548, 'notebook sansung 2', '1010', 2, '2018-10-06', '1577.00', 'A', '');

-- --------------------------------------------------------

--
-- Estrutura para tabela `tb_patrimonio`
--

CREATE TABLE `tb_patrimonio` (
  `id` int(11) NOT NULL,
  `num_patrimonio` varchar(9) NOT NULL,
  `patri_antigo` varchar(9) DEFAULT NULL,
  `id_item` int(11) NOT NULL,
  `descricao` text NOT NULL,
  `id_setor` int(11) DEFAULT NULL,
  `id_unidade` int(11) NOT NULL,
  `sit_fisica` enum('BOM','REGULAR','INSERVIVEL','PRECARIO') NOT NULL,
  `data_aquisicao` date NOT NULL,
  `valor_aquisicao` decimal(12,2) NOT NULL,
  `obs` text
) ENGINE=InnoDB DEFAULT CHARSET=utf8;

--
-- Fazendo dump de dados para tabela `tb_patrimonio`
--

INSERT INTO `tb_patrimonio` (`id`, `num_patrimonio`, `patri_antigo`, `id_item`, `descricao`, `id_setor`, `id_unidade`, `sit_fisica`, `data_aquisicao`, `valor_aquisicao`, `obs`) VALUES
(925, '00000060', '1', 51, 'SEAP/SGP. DE PAREDE, 12.000 BTU/H, TENSAO 220V, CONTROLE REMOTO. CODIGO SIMPAS: 41.20.00.00115657-8 - MARCA: RHEEM', 16, 10, 'BOM', '2011-10-26', '799.95', NULL),
(926, '00000061', '2', 51, 'SEAP/SGP. DE PAREDE, 12.000 BTU/H, TENSAO 220V, CONTROLE REMOTO. CODIGO SIMPAS: 41.20.00.00115657-8 - MARCA: RHEEM', 17, 10, 'BOM', '2011-10-26', '799.95', NULL),
(927, '00000064', '3', 51, 'SEAP/SGP. DE PAREDE, 12.000 BTU/H, TENSAO 220V, CONTROLE REMOTO. CODIGO SIMPAS: 41.20.00.00115657-8 - MARCA: RHEEM', NULL, 10, 'BOM', '2011-10-26', '799.95', NULL),
(928, '00000113', '4', 51, 'SEAP/SGP. DE PAREDE, 12.000 BTU/H, TENSAO 220V, CONTROLE REMOTO. CODIGO SIMPAS: 41.20.00.00115657-8 - MARCA: RHEEM', 17, 10, 'BOM', '2011-10-26', '799.95', NULL),
(929, '00000129', '5', 51, 'SGP/SEAP. DE PAREDE, 9.000 BTU/H, 220V, CONTROLE REMOTO. CODIGO SIMPAS: 41.20.00.00115648-9 - MARCA: LG', NULL, 10, 'BOM', '2011-11-07', '796.00', NULL),
(930, '00000130', '6', 51, 'SGP/SEAP. DE PAREDE, 9.000 BTU/H, 220V, CONTROLE REMOTO. CODIGO SIMPAS: 41.20.00.00115648-9 - MARCA: LG', NULL, 10, 'BOM', '2011-11-07', '796.00', NULL),
(931, '00000131', '7', 51, 'SGP/SEAP. DE PAREDE, 9.000 BTU/H, 220V, CONTROLE REMOTO. CODIGO SIMPAS: 41.20.00.00115648-9 - MARCA: LG', NULL, 10, 'BOM', '2011-11-07', '796.00', NULL),
(932, '00000133', '8', 51, 'SGP/SEAP. DE PAREDE, 9.000 BTU/H, 220V, CONTROLE REMOTO. CODIGO SIMPAS: 41.20.00.00115648-9 - MARCA: LG', NULL, 10, 'BOM', '2011-11-07', '796.00', NULL),
(933, '00000237', '9', 50, 'DEST. D.G, 18.000 BTU/H 220 V\nCOD. SIMPAS 41.20.00.00115316-1 - MARCA: CONSUL', NULL, 10, 'BOM', '2011-12-12', '1317.00', NULL),
(934, '00000242', '10', 66, 'DEST. D.G, 220V, \n\nCOD. SIMPAS 46.10.00.00121091-2 - MARCA: SOFT', NULL, 10, 'BOM', '2011-12-15', '784.00', NULL),
(935, '00000261', '11', 50, 'DEST. DG - 1200 BTU, 220 V\nCOD. SIMPAS 41.20.00.00115647-8 - MARCA: RHEEM', NULL, 10, 'BOM', '2011-12-13', '799.95', NULL),
(936, '00000498', '12', 451, 'DEST. D.G  DE 19 POL.\nCOD. SIMPAS 70.10.09.00005151-9 - MARCA: HP', NULL, 10, 'BOM', '2011-12-19', '346.00', NULL),
(937, '00000565', '13', 98, 'DEST. D.G BIVOLT (115 E 220 VOLT).\n\nCOD. SIMPAS 61.10.00.0006315-0 - MARCA: BMI', NULL, 10, 'BOM', '2011-12-21', '107.20', NULL),
(938, '00000566', '14', 98, 'DEST. D.G BIVOLT (115 E 220 VOLT).\n\nCOD. SIMPAS 61.10.00.0006315-0 - MARCA: BMI', NULL, 10, 'BOM', '2011-12-21', '107.20', NULL),
(939, '00000602', '15', 98, 'DEST. D.G BIVOLT (115 E 220 VOLT).\n\nCOD. SIMPAS 61.10.00.0006315-0 - MARCA: BMI', NULL, 10, 'BOM', '2011-12-21', '107.20', NULL),
(940, '00000636', '16', 50, 'CONCICIONADOR DE AR DE PAREDE, TIPO SPLIT, CAPACIDADE DE REFRIGERAÇÃO 24000 BTUS, COM CONTROLE REMOTO, CICLO FRIO.  SERIE RB1HW24AC2B.  CÓD. SIMPAS: 41.20.00.00115692-6', NULL, 10, 'BOM', '2011-12-26', '1500.00', NULL),
(941, '00000719', '17', 510, 'DEST. DG - NIVEL IIIA, MASCULINO 110 M, 30 P E 120 G. - MARCA BLINTEC\n\n\n\nCOD. SIMPAS 120 G - 84.70.20.00010684-4.\n\n\n\nCOD. SIMPAS 110 M - 84.70.20.00010685-2.\n\n\n\nCOD. SIMPAS 30   P -  84.70.20.00010686-0.', NULL, 10, 'BOM', '2011-12-28', '666.04', NULL),
(942, '00000720', '18', 510, 'DEST. DG - NIVEL IIIA, MASCULINO 110 M, 30 P E 120 G. - MARCA BLINTEC\n\n\n\nCOD. SIMPAS 120 G - 84.70.20.00010684-4.\n\n\n\nCOD. SIMPAS 110 M - 84.70.20.00010685-2.\n\n\n\nCOD. SIMPAS 30   P -  84.70.20.00010686-0.', NULL, 10, 'BOM', '2011-12-28', '666.04', NULL),
(943, '00000721', '19', 510, 'DEST. DG - NIVEL IIIA, MASCULINO 110 M, 30 P E 120 G. - MARCA BLINTEC\n\n\n\nCOD. SIMPAS 120 G - 84.70.20.00010684-4.\n\n\n\nCOD. SIMPAS 110 M - 84.70.20.00010685-2.\n\n\n\nCOD. SIMPAS 30   P -  84.70.20.00010686-0.', NULL, 10, 'BOM', '2011-12-28', '666.04', NULL),
(944, '00000722', '20', 510, 'DEST. DG - NIVEL IIIA, MASCULINO 110 M, 30 P E 120 G. - MARCA BLINTEC\n\n\n\nCOD. SIMPAS 120 G - 84.70.20.00010684-4.\n\n\n\nCOD. SIMPAS 110 M - 84.70.20.00010685-2.\n\n\n\nCOD. SIMPAS 30   P -  84.70.20.00010686-0.', NULL, 10, 'BOM', '2011-12-28', '666.04', NULL),
(945, '00000723', '21', 510, 'DEST. DG - NIVEL IIIA, MASCULINO 110 M, 30 P E 120 G. - MARCA BLINTEC\n\n\n\nCOD. SIMPAS 120 G - 84.70.20.00010684-4.\n\n\n\nCOD. SIMPAS 110 M - 84.70.20.00010685-2.\n\n\n\nCOD. SIMPAS 30   P -  84.70.20.00010686-0.', NULL, 10, 'BOM', '2011-12-28', '666.04', NULL),
(946, '00000724', '22', 510, 'DEST. DG - NIVEL IIIA, MASCULINO 110 M, 30 P E 120 G. - MARCA BLINTEC\n\n\n\nCOD. SIMPAS 120 G - 84.70.20.00010684-4.\n\n\n\nCOD. SIMPAS 110 M - 84.70.20.00010685-2.\n\n\n\nCOD. SIMPAS 30   P -  84.70.20.00010686-0.', NULL, 10, 'BOM', '2011-12-28', '666.04', NULL),
(947, '00000725', '23', 510, 'DEST. DG - NIVEL IIIA, MASCULINO 110 M, 30 P E 120 G. - MARCA BLINTEC\n\n\n\nCOD. SIMPAS 120 G - 84.70.20.00010684-4.\n\n\n\nCOD. SIMPAS 110 M - 84.70.20.00010685-2.\n\n\n\nCOD. SIMPAS 30   P -  84.70.20.00010686-0.', NULL, 10, 'BOM', '2011-12-28', '666.04', NULL),
(948, '00000726', '24', 510, 'DEST. DG - NIVEL IIIA, MASCULINO 110 M, 30 P E 120 G. - MARCA BLINTEC\n\n\n\nCOD. SIMPAS 120 G - 84.70.20.00010684-4.\n\n\n\nCOD. SIMPAS 110 M - 84.70.20.00010685-2.\n\n\n\nCOD. SIMPAS 30   P -  84.70.20.00010686-0.', NULL, 10, 'BOM', '2011-12-28', '666.04', NULL),
(949, '00000727', '25', 510, 'DEST. DG - NIVEL IIIA, MASCULINO 110 M, 30 P E 120 G. - MARCA BLINTEC\n\n\n\nCOD. SIMPAS 120 G - 84.70.20.00010684-4.\n\n\n\nCOD. SIMPAS 110 M - 84.70.20.00010685-2.\n\n\n\nCOD. SIMPAS 30   P -  84.70.20.00010686-0.', NULL, 10, 'BOM', '2011-12-28', '666.04', NULL),
(950, '00000728', '26', 510, 'DEST. DG - NIVEL IIIA, MASCULINO 110 M, 30 P E 120 G. - MARCA BLINTEC\n\n\n\nCOD. SIMPAS 120 G - 84.70.20.00010684-4.\n\n\n\nCOD. SIMPAS 110 M - 84.70.20.00010685-2.\n\n\n\nCOD. SIMPAS 30   P -  84.70.20.00010686-0.', NULL, 10, 'BOM', '2011-12-28', '666.04', NULL),
(951, '00001069', '27', 263, 'SD', NULL, 10, 'BOM', '2013-06-12', '222.84', NULL),
(952, '00001802', '28', 314, 'REAPROVEITAMENTO', NULL, 10, 'BOM', '2012-03-27', '60.00', NULL),
(953, '00001804', '29', 314, 'REAPROVEITAMENTO', NULL, 10, 'BOM', '2012-03-27', '60.00', NULL),
(954, '00001807', '30', 287, 'SD', NULL, 10, 'BOM', '2012-03-27', '60.00', NULL),
(955, '00001812', '31', 318, 'SD', NULL, 10, 'BOM', '2012-03-27', '40.00', NULL),
(956, '00001878', '32', 64, 'CENTRÍFUGA,TRIFÁSICA, POTENCIA DE 5 CV,220/380V, SUCÇÃO DE 2 POLEGADAS,RECALQUE DE 2 POLEGADAS HORIZONTAL, CAPACIDADE DE VAZÃO DE 26M3/H,MCA 10 M, MONOBLOCO, MONOESTAGIO, CORPO EM ALUMINIO INJETADO, COD. SIMPAS: 43.20.00.00103637-6. - MARCA: THEBE', NULL, 10, 'BOM', '2012-05-25', '1359.00', NULL),
(957, '00006699', '33', 202, 'DIRETORIA DE REQUALIFICAÇÃO - DIGITAL, PANORAMICA, 14.1 MP.\n\n\n\n\n\n\n\nMEMORIA INTERNA DE 256 MB, COMUNICAÇÃO USB, TEMPORIZADOR ALARME. ENTRADA PARA CARTAO DE MEMORIA, ZOOM OPTICO DE 4X, GRAVADOR.\n\n\n\n\n\n\n\nCOD. SIMPAS - 67.20.00.00125179-1 - MARCA: SAMSUNG', NULL, 10, 'BOM', '2012-07-16', '231.11', NULL),
(958, '00007956', '34', 50, 'SD', NULL, 10, 'BOM', '2013-06-12', '732.12', NULL),
(959, '00007964', '35', 326, 'SD', NULL, 10, 'REGULAR', '2015-12-11', '150.00', NULL),
(960, '00007966', '36', 411, 'SD', NULL, 10, 'REGULAR', '2013-06-12', '444.56', NULL),
(961, '00007967', '37', 326, 'SD', NULL, 10, 'REGULAR', '2013-06-14', '256.12', NULL),
(962, '00007968', '38', 45, 'SD', NULL, 10, 'REGULAR', '2013-06-14', '500.44', NULL),
(963, '00007975', '39', 282, 'SD', NULL, 10, 'BOM', '2013-06-12', '79.17', NULL),
(964, '00007977', '40', 282, 'SD', NULL, 10, 'BOM', '2013-06-12', '79.17', NULL),
(965, '00007986', '41', 282, 'SD', NULL, 10, 'BOM', '2013-06-12', '79.17', NULL),
(966, '00007987', '42', 278, 'SD', NULL, 10, 'BOM', '2013-06-12', '37.40', NULL),
(967, '00007989', '43', 50, 'SD', NULL, 10, 'BOM', '2013-06-12', '510.32', NULL),
(968, '00007991', '44', 263, 'SD', NULL, 10, 'BOM', '2013-06-12', '222.84', NULL),
(969, '00007992', '45', 411, 'SD', NULL, 10, 'REGULAR', '2013-06-12', '449.85', NULL),
(970, '00007993', '46', 263, 'SD', NULL, 10, 'BOM', '2013-06-12', '222.84', NULL),
(971, '00007995', '47', 214, 'SD', NULL, 10, 'BOM', '2013-06-12', '553.06', NULL),
(972, '00007997', '48', 37, 'SD', NULL, 10, 'BOM', '2013-06-12', '255.41', NULL),
(973, '00007998', '49', 282, 'SD', NULL, 10, 'BOM', '2013-06-12', '79.17', NULL),
(974, '00008000', '50', 315, 'SD', NULL, 10, 'BOM', '2013-06-12', '91.12', NULL),
(975, '00008101', '51', 67, 'CADEIA PUBLICA - HIDROJATEAMENTO PRESSAO MIN. DE 2000 LIBRAS-VAZAO MIN. INFERIOR A 800 1/H - CAPACIDADE PORTA DETERGENTE DE 5 LITROS PENEU DE BORRACHATENSAO DE 220V.\n\n\n\nCOD. SIMPAS - 49.40.00.00123586-9 - MARCA: WAP', NULL, 10, 'BOM', '2012-08-31', '3600.00', NULL),
(976, '00008102', '52', 64, 'CLC - CENTRIFUGA, POTENCIA, 5,0 CV - TRIFASICO - 03 POLEGADAS - \n\n\n\nCOD. SIMPAS - 43.20.00.00124196-6 - MARCA: SOMAR', NULL, 10, 'BOM', '2012-08-31', '1249.99', NULL),
(977, '00008103', '53', 64, 'CLC - CENTRIFUGA, POTENCIA, 5,0 CV - TRIFASICO - 03 POLEGADAS - \n\n\n\nCOD. SIMPAS - 43.20.00.00124196-6 - MARCA: SOMAR', NULL, 10, 'BOM', '2012-08-31', '1249.99', NULL),
(978, '00008147', '54', 64, 'PRESIDIO SALVADOR - CENTRIFUGA , MONOSTATO, 3.500 RPM MOTOR 3.0 CVB TENSÃO 220/380 VOLTS.\n\n\n\nCOD. SIMPAS - 43.20.00.00110088-2.', NULL, 10, 'BOM', '2012-10-26', '791.00', NULL),
(979, '00008156', '55', 105, 'DG - 3000 WATTS - CORRENTE ALTERNADA DE 110 PARA 220 E 220 PARA 110.\n\nCOD SIMPAS - 61.20.00.00110301-6 - MARCA: GILSON', NULL, 10, 'BOM', '2012-11-24', '160.00', NULL),
(980, '00008157', '56', 105, 'DG - 3000 WATTS - CORRENTE ALTERNADA DE 110 PARA 220 E 220 PARA 110.\n\nCOD SIMPAS - 61.20.00.00110301-6 - MARCA: GILSON', NULL, 10, 'BOM', '2012-11-24', '160.00', NULL),
(981, '00008629', '57', 134, 'CADEIA PUBLICA - PARA ESTERELIZAÇÃO A VAPOR BIVOLTS 110/220 - 1700 WATTS - AÇO INOX COM ANEL DE VEDAÇÕ E PORTA DE SILICONE.\n\n\n\n\n\n\n\nCOD. SIMPAS - 65.20.20.00010633-0', NULL, 10, 'BOM', '2012-12-27', '2500.00', NULL),
(982, '00008734', '58', 518, 'SD', NULL, 10, 'REGULAR', '2014-08-27', '300.00', NULL),
(983, '00008811', '59', 323, 'SD', NULL, 10, 'REGULAR', '2014-08-27', '120.00', NULL),
(984, '00009080', '60', 518, 'SD', NULL, 10, 'REGULAR', '2014-08-27', '300.00', NULL),
(985, '00010802', '62', 278, 'SD', NULL, 10, 'BOM', '2013-06-12', '58.00', NULL),
(986, '00010803', '63', 282, 'SD', NULL, 10, 'REGULAR', '2013-06-12', '79.17', NULL),
(987, '00010805', '64', 336, 'SD', NULL, 10, 'REGULAR', '2013-06-12', '232.18', NULL),
(988, '00010806', '65', 326, 'SD', NULL, 10, 'BOM', '2013-05-29', '259.40', NULL),
(989, '00010807', '66', 50, 'SD', NULL, 10, 'BOM', '2013-06-12', '510.32', NULL),
(990, '00010808', '67', 320, 'SD', NULL, 10, 'BOM', '2013-05-29', '281.77', NULL),
(991, '00010809', '68', 336, 'SD', NULL, 10, 'BOM', '2013-06-12', '253.50', NULL),
(992, '00010810', '69', 314, 'SD', NULL, 10, 'BOM', '2013-06-12', '129.09', NULL),
(993, '00010814', '70', 214, 'SD', NULL, 10, 'BOM', '2013-06-12', '553.02', NULL),
(994, '00010815', '71', 412, 'SD', NULL, 10, 'REGULAR', '2013-06-12', '143.47', NULL),
(995, '00010816', '72', 305, 'SD', NULL, 10, 'BOM', '2013-06-12', '43.00', NULL),
(996, '00010818', '73', 279, 'SD', NULL, 10, 'BOM', '2013-06-12', '67.87', NULL),
(997, '00010819', '74', 336, 'SD', NULL, 10, 'BOM', '2013-06-12', '163.27', NULL),
(998, '00010820', '75', 314, 'SD', NULL, 10, 'BOM', '2013-06-12', '118.28', NULL),
(999, '00010822', '76', 290, 'SD', NULL, 10, 'BOM', '2013-06-12', '130.19', NULL),
(1000, '00010823', '77', 278, 'SD', NULL, 10, 'BOM', '2013-06-12', '35.62', NULL),
(1001, '00010826', '78', 278, 'SD', NULL, 10, 'BOM', '2013-06-12', '35.62', NULL),
(1002, '00010827', '79', 278, 'SD', NULL, 10, 'BOM', '2013-06-12', '35.62', NULL),
(1003, '00010828', '80', 291, 'SD', NULL, 10, 'BOM', '2013-06-12', '185.44', NULL),
(1004, '00010830', '81', 336, 'SD', NULL, 10, 'BOM', '2013-06-12', '253.50', NULL),
(1005, '00010831', '82', 214, 'SD', NULL, 10, 'BOM', '2013-06-14', '716.69', NULL),
(1006, '00010834', '83', 291, 'SD', NULL, 10, 'REGULAR', '2013-06-12', '158.86', NULL),
(1007, '00010835', '84', 278, 'SD', NULL, 10, 'BOM', '2013-06-12', '35.62', NULL),
(1008, '00010836', '85', 278, 'SD', NULL, 10, 'BOM', '2013-06-12', '35.62', NULL),
(1009, '00010837', '86', 278, 'SD', NULL, 10, 'BOM', '2013-06-12', '35.62', NULL),
(1010, '00010838', '87', 278, 'SD', NULL, 10, 'BOM', '2013-06-12', '35.62', NULL),
(1011, '00010840', '88', 314, 'SD', NULL, 10, 'REGULAR', '2013-06-12', '129.09', NULL),
(1012, '00010841', '89', 214, 'SD', NULL, 10, 'BOM', '2013-06-12', '716.69', NULL),
(1013, '00010842', '90', 336, 'SD', NULL, 10, 'BOM', '2013-06-12', '163.27', NULL),
(1014, '00010843', '91', 263, 'SD', NULL, 10, 'REGULAR', '2013-06-12', '210.10', NULL),
(1015, '00010844', '92', 263, 'SD', NULL, 10, 'BOM', '2013-06-12', '222.84', NULL),
(1016, '00010845', '93', 263, 'SD', NULL, 10, 'BOM', '2013-06-12', '222.84', NULL),
(1017, '00010846', '94', 263, 'SD', NULL, 10, 'BOM', '2013-06-12', '222.84', NULL),
(1018, '00010847', '95', 263, 'SD', NULL, 10, 'BOM', '2013-06-12', '222.84', NULL),
(1019, '00010848', '96', 347, 'SD', NULL, 10, 'REGULAR', '2013-06-12', '1054.32', NULL),
(1020, '00010853', '97', 326, 'SD', NULL, 10, 'BOM', '2013-05-29', '43.50', NULL),
(1021, '00010854', '98', 214, 'SD', NULL, 10, 'BOM', '2013-06-12', '625.17', NULL),
(1022, '00010855', '99', 287, 'SD', NULL, 10, 'BOM', '2013-06-12', '43.00', NULL),
(1023, '00010858', '100', 56, 'SD', NULL, 10, 'REGULAR', '2013-06-12', '79.46', NULL),
(1024, '00010859', '101', 290, 'SD', NULL, 10, 'BOM', '2013-06-12', '130.19', NULL),
(1025, '00010860', '102', 287, 'SD', NULL, 10, 'BOM', '2013-06-12', '43.00', NULL),
(1026, '00010867', '103', 280, 'SD', NULL, 10, 'BOM', '2013-06-12', '25.80', NULL),
(1027, '00010868', '104', 263, 'SD', NULL, 10, 'BOM', '2013-06-12', '222.84', NULL),
(1028, '00010870', '105', 263, 'SD', NULL, 10, 'BOM', '2013-06-12', '25.14', NULL),
(1029, '00010871', '106', 320, 'SD', NULL, 10, 'REGULAR', '2015-12-10', '120.00', NULL),
(1030, '00010873', '107', 287, 'SD', NULL, 10, 'BOM', '2013-06-12', '501.73', NULL),
(1031, '00010877', '108', 336, 'SD', NULL, 10, 'REGULAR', '2015-12-10', '120.00', NULL),
(1032, '00010878', '109', 37, 'SD', NULL, 10, 'BOM', '2013-06-12', '255.41', NULL),
(1033, '00010881', '110', 56, 'SD', NULL, 10, 'REGULAR', '2013-06-12', '79.46', NULL),
(1034, '00010882', '111', 263, 'SD', NULL, 10, 'BOM', '2013-06-12', '222.84', NULL),
(1035, '00010883', '112', 314, 'SD', NULL, 10, 'BOM', '2013-06-12', '129.09', NULL),
(1036, '00010884', '113', 214, 'SD', NULL, 10, 'BOM', '2013-06-12', '716.69', NULL),
(1037, '00010885', '114', 279, 'SD', NULL, 10, 'BOM', '2013-06-12', '67.87', NULL),
(1038, '00010888', '115', 280, 'SD', NULL, 10, 'BOM', '2013-06-12', '25.80', NULL),
(1039, '00010889', '116', 336, 'SD', NULL, 10, 'REGULAR', '2013-06-12', '79.46', NULL),
(1040, '00010891', '117', 280, 'SD', NULL, 10, 'BOM', '2013-06-12', '25.80', NULL),
(1041, '00010892', '118', 320, 'SD', NULL, 10, 'BOM', '2013-05-29', '281.77', NULL),
(1042, '00010898', '119', 279, 'SD', NULL, 10, 'BOM', '2013-06-12', '67.87', NULL),
(1043, '00010899', '120', 37, 'SD', NULL, 10, 'BOM', '2013-06-12', '255.41', NULL),
(1044, '00010900', '121', 14, 'SD', NULL, 10, 'REGULAR', '2013-06-12', '524.37', NULL),
(1045, '00010902', '122', 320, 'SD', NULL, 10, 'BOM', '2013-05-29', '281.77', NULL),
(1046, '00010903', '123', 263, 'SD', NULL, 10, 'BOM', '2013-06-12', '222.84', NULL),
(1047, '00010905', '124', 287, 'SD', NULL, 10, 'BOM', '2013-06-12', '43.00', NULL),
(1048, '00010907', '125', 312, 'SD', NULL, 10, 'BOM', '2013-06-12', '182.37', NULL),
(1049, '00010908', '126', 320, 'SD', NULL, 10, 'BOM', '2013-05-29', '281.77', NULL),
(1050, '00010909', '127', 322, 'SD', NULL, 10, 'REGULAR', '2013-06-12', '218.29', NULL),
(1051, '00010910', '128', 263, 'SD', NULL, 10, 'BOM', '2013-06-12', '222.84', NULL),
(1052, '00010911', '129', 37, 'SD', NULL, 10, 'BOM', '2013-06-12', '255.41', NULL),
(1053, '00010912', '130', 157, 'SD', NULL, 10, 'BOM', '2013-05-29', '332.63', NULL),
(1054, '00010913', '131', 336, 'SD', NULL, 10, 'REGULAR', '2015-12-11', '120.00', NULL),
(1055, '00010914', '132', 157, 'SD', NULL, 10, 'BOM', '2013-06-12', '352.54', NULL),
(1056, '00010916', '133', 50, 'SD', NULL, 10, 'BOM', '2013-06-12', '510.32', NULL),
(1057, '00010917', '134', 336, 'SD', NULL, 10, 'BOM', '2013-06-12', '148.86', NULL),
(1058, '00010918', '135', 336, 'SD', NULL, 10, 'BOM', '2013-06-12', '118.28', NULL),
(1059, '00010919', '136', 451, 'SD', NULL, 10, 'BOM', '2013-06-12', '162.82', NULL),
(1060, '00010920', '137', 301, 'SD', NULL, 10, 'BOM', '2013-06-12', '35.72', NULL),
(1061, '00010921', '138', 279, 'SD', NULL, 10, 'BOM', '2013-06-12', '67.87', NULL),
(1062, '00010924', '139', 50, 'SD', NULL, 10, 'BOM', '2013-06-12', '510.32', NULL),
(1063, '00010925', '140', 157, 'SD', NULL, 10, 'BOM', '2013-05-29', '332.63', NULL),
(1064, '00010927', '141', 287, 'SD', NULL, 10, 'REGULAR', '2013-06-12', '207.17', NULL),
(1065, '00010929', '142', 278, 'SD', NULL, 10, 'BOM', '2013-06-12', '35.62', NULL),
(1066, '00010930', '143', 336, 'SD', NULL, 10, 'BOM', '2013-06-12', '148.86', NULL),
(1067, '00010931', '144', 320, 'SD', NULL, 10, 'BOM', '2013-05-29', '281.77', NULL),
(1068, '00010932', '145', 267, 'SD', NULL, 10, 'BOM', '2013-06-12', '32.25', NULL),
(1069, '00010933', '146', 263, 'SD', NULL, 10, 'BOM', '2013-06-12', '25.14', NULL),
(1070, '00010934', '147', 263, 'SD', NULL, 10, 'BOM', '2013-06-12', '222.84', NULL),
(1071, '00010935', '148', 263, 'SD', NULL, 10, 'REGULAR', '2015-12-11', '150.00', NULL),
(1072, '00010936', '149', 278, 'SD', NULL, 10, 'REGULAR', '2013-06-12', '37.40', NULL),
(1073, '00010938', '150', 287, 'SD', NULL, 10, 'BOM', '2013-06-12', '50.28', NULL),
(1074, '00010939', '151', 50, 'SD', NULL, 10, 'BOM', '2013-06-12', '510.32', NULL),
(1075, '00010942', '152', 177, 'SD', NULL, 10, 'BOM', '2013-06-12', '45.13', NULL),
(1076, '00010943', '153', 178, 'SD', NULL, 10, 'REGULAR', '2013-06-12', '5.00', NULL),
(1077, '00010944', '154', 168, 'SD', NULL, 10, 'BOM', '2013-06-12', '131.67', NULL),
(1078, '00010945', '155', 178, 'SD', NULL, 10, 'REGULAR', '2013-06-12', '5.00', NULL),
(1079, '00010947', '156', 278, 'SD', NULL, 10, 'BOM', '2013-06-12', '58.00', NULL),
(1080, '00010948', '157', 320, 'SD', NULL, 10, 'BOM', '2013-05-29', '281.77', NULL),
(1081, '00010950', '158', 133, 'SD', NULL, 10, 'BOM', '2013-06-12', '2835.00', NULL),
(1082, '00010951', '159', 331, 'SD', NULL, 10, 'BOM', '2013-06-12', '35.72', NULL),
(1083, '00010959', '160', 326, 'SD', NULL, 10, 'REGULAR', '2015-12-11', '150.00', NULL),
(1084, '00010960', '161', 326, 'SD', NULL, 10, 'BOM', '2013-05-29', '43.50', NULL),
(1085, '00010961', '162', 37, 'SD', NULL, 10, 'BOM', '2013-06-12', '255.41', NULL),
(1086, '00010962', '163', 291, 'SD', NULL, 10, 'REGULAR', '2013-06-12', '158.86', NULL),
(1087, '00010963', '164', 366, 'SD', NULL, 10, 'REGULAR', '2013-06-12', '254.67', NULL),
(1088, '00010964', '165', 46, 'SD', NULL, 10, 'REGULAR', '2015-12-11', '500.00', NULL),
(1089, '00010965', '166', 367, 'SD', NULL, 10, 'BOM', '2013-06-12', '203.15', NULL),
(1090, '00010968', '167', 255, 'SD', NULL, 10, 'REGULAR', '2015-12-11', '200.00', NULL),
(1091, '00010977', '168', 278, 'SD', NULL, 10, 'BOM', '2013-06-12', '58.00', NULL),
(1092, '00010978', '169', 291, 'SD', NULL, 10, 'BOM', '2013-06-12', '157.50', NULL),
(1093, '00010979', '170', 291, 'SD', NULL, 10, 'BOM', '2013-06-12', '157.50', NULL),
(1094, '00010980', '171', 290, 'SD', NULL, 10, 'BOM', '2013-06-12', '130.21', NULL),
(1095, '00010981', '172', 320, 'SD', NULL, 10, 'BOM', '2013-05-29', '281.77', NULL),
(1096, '00010982', '173', 229, 'SD', NULL, 10, 'REGULAR', '2013-06-14', '253.75', NULL),
(1097, '00010983', '174', 229, 'SD', NULL, 10, 'REGULAR', '2013-06-14', '253.75', NULL),
(1098, '00010984', '175', 236, 'SD', NULL, 10, 'REGULAR', '2015-12-10', '150.00', NULL),
(1099, '00010985', '176', 236, 'SD', NULL, 10, 'REGULAR', '2015-12-10', '150.00', NULL),
(1100, '00010986', '177', 236, 'SD', NULL, 10, 'REGULAR', '2015-12-10', '150.00', NULL),
(1101, '00010987', '178', 236, 'SD', NULL, 10, 'REGULAR', '2015-12-10', '150.00', NULL),
(1102, '00010988', '179', 229, 'SD', NULL, 10, 'BOM', '2013-05-29', '257.37', NULL),
(1103, '00010989', '180', 229, 'SD', NULL, 10, 'BOM', '2013-05-29', '257.37', NULL),
(1104, '00010992', '181', 46, 'SD', NULL, 10, 'BOM', '2013-06-12', '516.37', NULL),
(1105, '00010993', '182', 367, 'SD', NULL, 10, 'BOM', '2013-06-12', '203.15', NULL),
(1106, '00010994', '183', 50, 'SD', NULL, 10, 'BOM', '2013-06-12', '510.32', NULL),
(1107, '00010995', '184', 50, 'SD', NULL, 10, 'BOM', '2013-06-12', '732.12', NULL),
(1108, '00010997', '185', 291, 'SD', NULL, 10, 'BOM', '2013-06-12', '158.86', NULL),
(1109, '00010999', '186', 320, 'SD', NULL, 10, 'BOM', '2013-05-29', '281.77', NULL),
(1110, '00011000', '187', 320, 'SD', NULL, 10, 'BOM', '2013-05-29', '281.77', NULL),
(1111, '00011001', '188', 325, 'SD', NULL, 10, 'BOM', '2013-05-29', '210.23', NULL),
(1112, '00011002', '189', 326, 'SD', NULL, 10, 'BOM', '2013-05-29', '43.50', NULL),
(1113, '00011003', '190', 320, 'SD', NULL, 10, 'BOM', '2013-05-29', '281.77', NULL),
(1114, '00011004', '191', 326, 'SD', NULL, 10, 'REGULAR', '2015-12-10', '120.00', NULL),
(1115, '00011007', '192', 51, 'SD', NULL, 10, 'REGULAR', '2014-08-29', '400.00', NULL),
(1116, '00011008', '193', 336, 'SD', NULL, 10, 'BOM', '2013-06-12', '148.86', NULL),
(1117, '00011013', '194', 51, 'SD', NULL, 10, 'REGULAR', '2014-08-29', '400.00', NULL),
(1118, '00011133', '195', 326, 'SD', NULL, 10, 'REGULAR', '2014-08-29', '150.00', NULL),
(1119, '00011612', '196', 282, 'SD', NULL, 10, 'REGULAR', '2015-12-10', '120.00', NULL),
(1120, '00011871', '197', 320, 'SD', NULL, 10, 'BOM', '2013-05-29', '281.77', NULL),
(1121, '00012549', '198', 36, 'ELETRICO, COM 2 TORNEIRAS 01 PARA COPO E 01 PARA BOCA - GABINETE EM AÇO INOXIDAVEL COM SERPENTINA EM COBRE 127 V\n\nCOD. SIMPAS - 41.10.00.00114913-0 - MARCA: LIBELL', NULL, 10, 'BOM', '2013-03-28', '475.02', NULL),
(1122, '00012551', '199', 36, 'ELETRICO, COM 2 TORNEIRAS 01 PARA COPO E 01 PARA BOCA - GABINETE EM AÇO INOXIDAVEL COM SERPENTINA EM COBRE 127 V\n\nCOD. SIMPAS - 41.10.00.00114913-0 - MARCA: LIBELL', NULL, 10, 'BOM', '2013-03-28', '475.02', NULL),
(1123, '00012637', '200', 263, 'PARA PASTA SUSPENSA NA COR CINZA CLARO, PINTURA FOSFATIZADA CONTRA FERRUGEM COM PUXADORES EMBUTIDOS, PORTA ETIQUETA E FECHADURA COM TRAVAMENTO SIMUTANEO.\n\nCOD. SIMPAS - 71.10.00.00130501-8 - MARCA: AMAPA', NULL, 10, 'BOM', '2013-05-27', '311.74', NULL),
(1124, '00012661', '201', 314, 'SD', NULL, 10, 'REGULAR', '2013-06-27', '50.00', NULL),
(1125, '00012663', '202', 321, 'EM COURVIM', NULL, 10, 'REGULAR', '2013-06-27', '120.00', NULL),
(1126, '00012664', '203', 321, 'EM COURVIM', NULL, 10, 'REGULAR', '2013-06-27', '120.00', NULL),
(1127, '00012665', '204', 321, 'EM TECIDO', NULL, 10, 'REGULAR', '2013-06-27', '120.00', NULL),
(1128, '00012666', '205', 322, 'EM COURVIM', NULL, 10, 'REGULAR', '2013-06-27', '100.00', NULL),
(1129, '00012667', '206', 46, 'SD', NULL, 10, 'REGULAR', '2013-06-27', '180.00', NULL),
(1130, '00012668', '207', 291, 'SD', NULL, 10, 'REGULAR', '2013-06-27', '150.00', NULL),
(1131, '00012669', '208', 291, 'SD', NULL, 10, 'REGULAR', '2013-06-27', '150.00', NULL),
(1132, '00012670', '209', 296, 'SD', NULL, 10, 'REGULAR', '2013-04-24', '95.00', NULL),
(1133, '00012672', '210', 312, 'SD', NULL, 10, 'REGULAR', '2013-06-27', '100.00', NULL),
(1134, '00012673', '211', 312, 'SD', NULL, 10, 'REGULAR', '2013-06-27', '100.00', NULL),
(1135, '00012674', '212', 297, 'SD', NULL, 10, 'REGULAR', '2013-06-27', '90.00', NULL),
(1136, '00012675', '213', 297, 'SD', NULL, 10, 'REGULAR', '2013-06-27', '90.00', NULL),
(1137, '00012676', '214', 296, 'SD', NULL, 10, 'REGULAR', '2013-06-27', '80.00', NULL),
(1138, '00012677', '215', 296, 'SD', NULL, 10, 'REGULAR', '2013-06-27', '80.00', NULL),
(1139, '00012678', '216', 296, 'SD', NULL, 10, 'REGULAR', '2013-06-27', '80.00', NULL),
(1140, '00012679', '217', 279, 'SD', NULL, 10, 'REGULAR', '2013-06-27', '60.00', NULL),
(1141, '00012680', '218', 279, 'SD', NULL, 10, 'REGULAR', '2013-06-27', '60.00', NULL),
(1142, '00012681', '219', 279, 'SD', NULL, 10, 'REGULAR', '2013-06-27', '60.00', NULL),
(1143, '00012683', '220', 273, 'SD', NULL, 10, 'REGULAR', '2013-06-27', '70.00', NULL),
(1144, '00012684', '221', 273, 'SD', NULL, 10, 'REGULAR', '2013-06-27', '70.00', NULL),
(1145, '00012686', '222', 367, 'SD', NULL, 10, 'REGULAR', '2013-06-27', '170.00', NULL),
(1146, '00012687', '223', 287, 'SEM GAVETAS', NULL, 10, 'REGULAR', '2013-06-27', '130.00', NULL),
(1147, '00012688', '224', 287, 'SEM GAVETAS', NULL, 10, 'REGULAR', '2013-06-27', '130.00', NULL),
(1148, '00012689', '225', 287, 'SEM GAVETAS', NULL, 10, 'REGULAR', '2013-06-27', '130.00', NULL),
(1149, '00012690', '226', 287, 'COM 03 GAVETAS', NULL, 10, 'REGULAR', '2013-06-27', '150.00', NULL),
(1150, '00012691', '227', 287, 'COM 03 GAVETAS', NULL, 10, 'REGULAR', '2013-06-27', '150.00', NULL),
(1151, '00012692', '228', 257, 'COM 02 PORTAS', NULL, 10, 'REGULAR', '2013-06-27', '130.00', NULL),
(1152, '00012693', '229', 257, 'COM 02 PORTAS', NULL, 10, 'REGULAR', '2013-06-27', '130.00', NULL),
(1153, '00012694', '230', 257, 'COM 02 PORTAS', NULL, 10, 'REGULAR', '2013-06-27', '130.00', NULL),
(1154, '00012695', '231', 330, '2 PORTAS', NULL, 10, 'REGULAR', '2013-06-27', '130.00', NULL),
(1155, '00012696', '232', 269, '04 GAVETAS', NULL, 10, 'REGULAR', '2013-06-27', '80.00', NULL),
(1156, '00012718', '233', 202, 'DIGITAL, PANORAMICA, COM RESOLUÇÃO DE 14 MP, COMUNICAÇÃO AV/USB, MEMORIA INTERNA DE 256 MB COM EXPANÇÃO PARA CARTÃO DE MAMORIA GRAVADOR DE VOZ, MIOCROFONE ESTERIO MONITOR LCD, ZOOM DIGITAL DE 8X E OPTICO DE 4X.\nCOD. SIMPAS: 67.20.00.00125179-1 - MARCA: NIKON', NULL, 10, 'BOM', '2013-11-05', '269.88', NULL),
(1157, '00012719', '234', 202, 'DIGITAL, PANORAMICA, COM RESOLUÇÃO DE 14 MP, COMUNICAÇÃO AV/USB, MEMORIA INTERNA DE 256 MB COM EXPANÇÃO PARA CARTÃO DE MAMORIA GRAVADOR DE VOZ, MIOCROFONE ESTERIO MONITOR LCD, ZOOM DIGITAL DE 8X E OPTICO DE 4X.\nCOD. SIMPAS: 67.20.00.00125179-1 - MARCA: NIKON', NULL, 10, 'BOM', '2013-11-05', '269.88', NULL),
(1158, '00012790', '235', 288, 'EM L EM LAMINA MELAMINICO BPARGILA, BORDA EM PVC EXTRUDADO, DIMENSÃO 1550/730 X 1550/730 X 740 MM, PAINEL FRONTAL EM CHAPA DE MDP COM BORDA EM PVC\nGARANTIA MINIMA DE 5 ANOS \nCOD DO SIMPAS: 71.10.00.00130421-6 - MARCA: W3', NULL, 10, 'BOM', '2013-12-02', '600.00', NULL),
(1159, '00012794', '236', 282, 'COM ESPALDAR ALTA GIRATORIA, COM BRAÇOS, MULTILAMINAS DE MADEIRA MOLDADA, ESPESSURA DE 10.5 MM, ESPUMA FREXIVEL, ISENTO DE CFC, ESPESSURA 40 MM, LARGURA DE 450 MM E PROFUNDIDADE 440 MM \n\n GARANTIA MINIMA DE 5 ANOS\n\nCOD DO SIMPAS: 71.10.00.00130429-1 - MARCA: CAVALETTI', NULL, 10, 'BOM', '2013-12-02', '350.00', NULL),
(1160, '00012878', '237', 519, 'COM MONITOR LED 1600X900 DE 20 P - PROCESSADOR DE NUCLEO DUPLO OU SUPERIOR - COM UNIDADE CD-ROM INSTALADA, MEMORIA DE 8 GB - HD DE 500 GB SATA - 128 DE MEMORIA DE VIDEO - (COMPLETO) + CABO DVI-D DUAL-LINK 3.6M.\nCOD. SIMPAS - 70.10.00.00138855-0 - MARCA: LOGIN - CAPACIDADE DE HD: 500 GB - PROCESSADOR_NOME: CORE I5', NULL, 10, 'BOM', '2013-07-22', '1860.96', NULL),
(1161, '00012879', '238', 519, 'COM MONITOR LED 1600X900 DE 20 P - PROCESSADOR DE NUCLEO DUPLO OU SUPERIOR - COM UNIDADE CD-ROM INSTALADA, MEMORIA DE 8 GB - HD DE 500 GB SATA - 128 DE MEMORIA DE VIDEO - (COMPLETO) + CABO DVI-D DUAL-LINK 3.6M.\nCOD. SIMPAS - 70.10.00.00138855-0 - MARCA: LOGIN - CAPACIDADE DE HD: 500 GB - PROCESSADOR_NOME: CORE I5', NULL, 10, 'BOM', '2013-07-22', '1860.96', NULL),
(1162, '00013012', '239', 314, 'SD', NULL, 10, 'REGULAR', '2013-08-23', '50.00', NULL),
(1163, '00013013', '240', 314, 'SD', NULL, 10, 'REGULAR', '2013-08-23', '50.00', NULL),
(1164, '00013014', '241', 314, 'SD', NULL, 10, 'REGULAR', '2013-08-23', '50.00', NULL),
(1165, '00013015', '242', 300, 'SD', NULL, 10, 'REGULAR', '2013-08-23', '90.00', NULL),
(1166, '00013016', '243', 411, 'SD', NULL, 10, 'REGULAR', '2013-08-23', '170.00', NULL),
(1167, '00013043', '244', 263, 'SD', NULL, 10, 'REGULAR', '2013-08-27', '80.00', NULL),
(1168, '00013054', '245', 279, 'SD', NULL, 10, 'REGULAR', '2013-08-27', '60.00', NULL),
(1169, '00013076', '246', 331, 'COM 6 PRATELEIRA', NULL, 10, 'REGULAR', '2013-08-27', '150.00', NULL),
(1170, '00013077', '247', 331, 'COM 6 PRATELEIRA', NULL, 10, 'REGULAR', '2013-08-27', '150.00', NULL),
(1171, '00013078', '248', 331, 'COM 6 PRATELEIRA', NULL, 10, 'REGULAR', '2013-08-27', '150.00', NULL),
(1172, '00013079', '249', 331, 'COM 6 PRATELEIRA', NULL, 10, 'REGULAR', '2013-08-27', '150.00', NULL),
(1173, '00013081', '250', 331, 'COM 6 PRATELEIRA', NULL, 10, 'REGULAR', '2013-08-27', '150.00', NULL),
(1174, '00013082', '251', 279, 'SD', NULL, 10, 'REGULAR', '2013-08-27', '60.00', NULL),
(1175, '00013083', '252', 280, 'SD', NULL, 10, 'REGULAR', '2013-08-27', '80.00', NULL),
(1176, '00013084', '253', 287, 'SEM GAVETAS', NULL, 10, 'REGULAR', '2013-08-27', '120.00', NULL),
(1177, '00013085', '254', 287, 'SEM GAVETAS', NULL, 10, 'REGULAR', '2013-08-27', '120.00', NULL),
(1178, '00013086', '255', 326, 'SD', NULL, 10, 'REGULAR', '2013-08-27', '150.00', NULL),
(1179, '00013087', '256', 332, 'SD', NULL, 10, 'REGULAR', '2013-08-27', '150.00', NULL),
(1180, '00013088', '257', 315, 'SD', NULL, 10, 'REGULAR', '2013-08-27', '30.00', NULL),
(1181, '00013107', '258', 279, 'SD', NULL, 10, 'BOM', '2013-08-27', '60.00', NULL),
(1182, '00013176', '259', 70, 'MÁQUINA LIXADEIRA ANGULAR, CAPACIDADE PARA DISCO DE 7 POLEGADAS, MÍNIMO 1000 WATTS DE POTÊNCIAS, 2000 RPM, EMPUNHADEIRA LATERAL, TENSÃO 220 VOLTS.\nCOD. SIMPAS: 51.30.00.00106836-9\nMARCA: SONGHE', NULL, 10, 'BOM', '2013-01-16', '360.00', NULL),
(1183, '00013177', '260', 70, 'MÁQUINA LIXADEIRA ANGULAR, CAPACIDADE PARA DISCO DE 7 POLEGADAS, MÍNIMO 1000 WATTS DE POTÊNCIAS, 2000 RPM, EMPUNHADEIRA LATERAL, TENSÃO 220 VOLTS.\nCOD. SIMPAS: 51.30.00.00106836-9\nMARCA: SONGHE', NULL, 10, 'BOM', '2013-01-16', '360.00', NULL),
(1184, '00013257', '261', 229, 'COM 04 PORTAS 2X2 COM TRAVA DE SEGURANCA.\nCOD. SIMPAS: 71.05.00.00035530-5.\nMARCA: ISMA.', NULL, 10, 'BOM', '2013-10-11', '402.96', NULL),
(1185, '00013338', '262', 263, 'COM 04 GAVETAS PARA PASTA SUSPENSA COM PUXADORES EMBUTIDO, PORTA ETIQUETA E FECHADURA COM TRAVAMENTO SIMULTANEO.\n\n\n\nCOD. SIMPAS: 71.10.00.00130501-8.\n\n\n\nMARCA: W3. - MARCA: W3', NULL, 10, 'BOM', '2013-10-11', '331.00', NULL),
(1186, '00013339', '263', 263, 'COM 04 GAVETAS PARA PASTA SUSPENSA COM PUXADORES EMBUTIDO, PORTA ETIQUETA E FECHADURA COM TRAVAMENTO SIMULTANEO.\n\n\n\nCOD. SIMPAS: 71.10.00.00130501-8.\n\n\n\nMARCA: W3. - MARCA: W3', NULL, 10, 'BOM', '2013-10-11', '331.00', NULL),
(1187, '00013340', '264', 263, 'COM 04 GAVETAS PARA PASTA SUSPENSA COM PUXADORES EMBUTIDO, PORTA ETIQUETA E FECHADURA COM TRAVAMENTO SIMULTANEO.\n\n\n\nCOD. SIMPAS: 71.10.00.00130501-8.\n\n\n\nMARCA: W3. - MARCA: W3', NULL, 10, 'BOM', '2013-10-11', '331.00', NULL),
(1188, '00013341', '265', 263, 'COM 04 GAVETAS PARA PASTA SUSPENSA COM PUXADORES EMBUTIDO, PORTA ETIQUETA E FECHADURA COM TRAVAMENTO SIMULTANEO.\n\n\n\nCOD. SIMPAS: 71.10.00.00130501-8.\n\n\n\nMARCA: W3. - MARCA: W3', NULL, 10, 'BOM', '2013-10-11', '331.00', NULL),
(1189, '00013342', '266', 263, 'COM 04 GAVETAS PARA PASTA SUSPENSA COM PUXADORES EMBUTIDO, PORTA ETIQUETA E FECHADURA COM TRAVAMENTO SIMULTANEO.\n\n\n\nCOD. SIMPAS: 71.10.00.00130501-8.\n\n\n\nMARCA: W3. - MARCA: W3', NULL, 10, 'BOM', '2013-10-11', '331.00', NULL),
(1190, '00013343', '267', 263, 'COM 04 GAVETAS PARA PASTA SUSPENSA COM PUXADORES EMBUTIDO, PORTA ETIQUETA E FECHADURA COM TRAVAMENTO SIMULTANEO.\n\n\n\nCOD. SIMPAS: 71.10.00.00130501-8.\n\n\n\nMARCA: W3. - MARCA: W3', NULL, 10, 'BOM', '2013-10-11', '331.00', NULL),
(1191, '00013571', '268', 325, 'COM 02 PORTAS COM SISTEMA DE FECHAMENTO SIMULTANEO DOBRADICA COM TRAVA E FECHADURA COM CHAVE.\nCOD. SIMPAS: 71.10.00.00130502-6.\nMARCA: ISMA.', NULL, 10, 'BOM', '2013-10-11', '400.00', NULL),
(1192, '00013572', '269', 325, 'COM 02 PORTAS COM SISTEMA DE FECHAMENTO SIMULTANEO DOBRADICA COM TRAVA E FECHADURA COM CHAVE.\nCOD. SIMPAS: 71.10.00.00130502-6.\nMARCA: ISMA.', NULL, 10, 'BOM', '2013-10-11', '400.00', NULL),
(1193, '00013573', '270', 325, 'COM 02 PORTAS COM SISTEMA DE FECHAMENTO SIMULTANEO DOBRADICA COM TRAVA E FECHADURA COM CHAVE.\nCOD. SIMPAS: 71.10.00.00130502-6.\nMARCA: ISMA.', NULL, 10, 'BOM', '2013-10-11', '400.00', NULL),
(1194, '00013574', '271', 325, 'COM 02 PORTAS COM SISTEMA DE FECHAMENTO SIMULTANEO DOBRADICA COM TRAVA E FECHADURA COM CHAVE.\nCOD. SIMPAS: 71.10.00.00130502-6.\nMARCA: ISMA.', NULL, 10, 'BOM', '2013-10-11', '400.00', NULL),
(1195, '00013575', '272', 325, 'COM 02 PORTAS COM SISTEMA DE FECHAMENTO SIMULTANEO DOBRADICA COM TRAVA E FECHADURA COM CHAVE.\nCOD. SIMPAS: 71.10.00.00130502-6.\nMARCA: ISMA.', NULL, 10, 'BOM', '2013-10-11', '400.00', NULL),
(1196, '00013576', '273', 325, 'COM 02 PORTAS COM SISTEMA DE FECHAMENTO SIMULTANEO DOBRADICA COM TRAVA E FECHADURA COM CHAVE.\nCOD. SIMPAS: 71.10.00.00130502-6.\nMARCA: ISMA.', NULL, 10, 'BOM', '2013-10-11', '400.00', NULL),
(1197, '00013595', '274', 326, 'FECHADO EQUIPADO COM 02 PORTAS DA MESMA ALTURA DO ARMARIO E 05 PRATELEIRAS DE ALTURA REGULAVEL SUSTENTADA POR PINOS DE AÇO, MEDINDO 800X500X2100 MM, CONFECCIONADA COM FIBRA DE MADEIRA AGLOMARADA (MDP) NA COR ARGILA,. BASE COM SAPATAS NIVELADORAS EMBUTIDAS NA BASE COM REGULAGEM, FECHADURA EM LIGA DE METAL COM 02 CHAVES DOBRAVEIS.\n\nCOD. SIMPAS: 71.10.00.00130459-3.\n\nMARCA: MADE MOVEIS.\n\nGARANTIA DE 05 ANOS.', NULL, 10, 'BOM', '2013-11-05', '612.48', NULL),
(1198, '00013596', '275', 326, 'FECHADO EQUIPADO COM 02 PORTAS DA MESMA ALTURA DO ARMARIO E 05 PRATELEIRAS DE ALTURA REGULAVEL SUSTENTADA POR PINOS DE AÇO, MEDINDO 800X500X2100 MM, CONFECCIONADA COM FIBRA DE MADEIRA AGLOMARADA (MDP) NA COR ARGILA,. BASE COM SAPATAS NIVELADORAS EMBUTIDAS NA BASE COM REGULAGEM, FECHADURA EM LIGA DE METAL COM 02 CHAVES DOBRAVEIS.\n\nCOD. SIMPAS: 71.10.00.00130459-3.\n\nMARCA: MADE MOVEIS.\n\nGARANTIA DE 05 ANOS.', NULL, 10, 'BOM', '2013-11-05', '612.48', NULL),
(1199, '00013597', '276', 326, 'FECHADO EQUIPADO COM 02 PORTAS DA MESMA ALTURA DO ARMARIO E 05 PRATELEIRAS DE ALTURA REGULAVEL SUSTENTADA POR PINOS DE AÇO, MEDINDO 800X500X2100 MM, CONFECCIONADA COM FIBRA DE MADEIRA AGLOMARADA (MDP) NA COR ARGILA,. BASE COM SAPATAS NIVELADORAS EMBUTIDAS NA BASE COM REGULAGEM, FECHADURA EM LIGA DE METAL COM 02 CHAVES DOBRAVEIS.\n\nCOD. SIMPAS: 71.10.00.00130459-3.\n\nMARCA: MADE MOVEIS.\n\nGARANTIA DE 05 ANOS.', NULL, 10, 'BOM', '2013-11-05', '612.48', NULL),
(1200, '00013598', '277', 326, 'FECHADO EQUIPADO COM 02 PORTAS DA MESMA ALTURA DO ARMARIO E 05 PRATELEIRAS DE ALTURA REGULAVEL SUSTENTADA POR PINOS DE AÇO, MEDINDO 800X500X2100 MM, CONFECCIONADA COM FIBRA DE MADEIRA AGLOMARADA (MDP) NA COR ARGILA,. BASE COM SAPATAS NIVELADORAS EMBUTIDAS NA BASE COM REGULAGEM, FECHADURA EM LIGA DE METAL COM 02 CHAVES DOBRAVEIS.\n\nCOD. SIMPAS: 71.10.00.00130459-3.\n\nMARCA: MADE MOVEIS.\n\nGARANTIA DE 05 ANOS.', NULL, 10, 'BOM', '2013-11-05', '612.48', NULL),
(1201, '00013599', '278', 326, 'FECHADO EQUIPADO COM 02 PORTAS DA MESMA ALTURA DO ARMARIO E 05 PRATELEIRAS DE ALTURA REGULAVEL SUSTENTADA POR PINOS DE AÇO, MEDINDO 800X500X2100 MM, CONFECCIONADA COM FIBRA DE MADEIRA AGLOMARADA (MDP) NA COR ARGILA,. BASE COM SAPATAS NIVELADORAS EMBUTIDAS NA BASE COM REGULAGEM, FECHADURA EM LIGA DE METAL COM 02 CHAVES DOBRAVEIS.\n\nCOD. SIMPAS: 71.10.00.00130459-3.\n\nMARCA: MADE MOVEIS.\n\nGARANTIA DE 05 ANOS.', NULL, 10, 'BOM', '2013-11-05', '612.48', NULL),
(1202, '00013600', '279', 282, 'FECHADO EQUIPADO COM 02 PORTAS DA MESMA ALTURA DO ARMARIO E 05 PRATELEIRAS DE ALTURA REGULAVEL SUSTENTADA POR PINOS DE AÇO, MEDINDO 800X500X2100 MM, CONFECCIONADA COM FIBRA DE MADEIRA AGLOMARADA (MDP) NA COR ARGILA,. BASE COM SAPATAS NIVELADORAS EMBUTIDAS NA BASE COM REGULAGEM, FECHADURA EM LIGA DE METAL COM 02 CHAVES DOBRAVEIS.\n\nCOD. SIMPAS: 71.10.00.00130459-3.\n\nMARCA: MADE MOVEIS.\n\nGARANTIA DE 05 ANOS.', NULL, 10, 'BOM', '2013-11-05', '612.48', NULL),
(1203, '00013611', '280', 282, 'EM VINIL NA COR PRETA -  ESPALDA MEDIO - COM BRAÇOS REGULARES ? ALTA RESISTENCIA A PROPAGAÇÃO DE RASGO, REGULADOR DE ENCOSTO E ALTURA ? FABRICADE EM TUBO DE AÇO ANTIFERRUGINOSO ? BRAÇOS EM FORMATO DE T.\n\nCOD. SIMPAS: 71.10.00.00130428-3\n\n05 ANOS DE GARANTIA. - MARCA: CAVALETTI', NULL, 10, 'BOM', '2013-12-02', '300.00', NULL),
(1204, '00013612', '281', 282, 'EM VINIL NA COR PRETA -  ESPALDA MEDIO - COM BRAÇOS REGULARES ? ALTA RESISTENCIA A PROPAGAÇÃO DE RASGO, REGULADOR DE ENCOSTO E ALTURA ? FABRICADE EM TUBO DE AÇO ANTIFERRUGINOSO ? BRAÇOS EM FORMATO DE T.\n\nCOD. SIMPAS: 71.10.00.00130428-3\n\n05 ANOS DE GARANTIA. - MARCA: CAVALETTI', NULL, 10, 'BOM', '2013-12-02', '300.00', NULL),
(1205, '00013613', '282', 282, 'EM VINIL NA COR PRETA -  ESPALDA MEDIO - COM BRAÇOS REGULARES ? ALTA RESISTENCIA A PROPAGAÇÃO DE RASGO, REGULADOR DE ENCOSTO E ALTURA ? FABRICADE EM TUBO DE AÇO ANTIFERRUGINOSO ? BRAÇOS EM FORMATO DE T.\n\nCOD. SIMPAS: 71.10.00.00130428-3\n\n05 ANOS DE GARANTIA. - MARCA: CAVALETTI', NULL, 10, 'BOM', '2013-12-02', '300.00', NULL),
(1206, '00013614', '283', 282, 'EM VINIL NA COR PRETA -  ESPALDA MEDIO - COM BRAÇOS REGULARES ? ALTA RESISTENCIA A PROPAGAÇÃO DE RASGO, REGULADOR DE ENCOSTO E ALTURA ? FABRICADE EM TUBO DE AÇO ANTIFERRUGINOSO ? BRAÇOS EM FORMATO DE T.\n\nCOD. SIMPAS: 71.10.00.00130428-3\n\n05 ANOS DE GARANTIA. - MARCA: CAVALETTI', NULL, 10, 'BOM', '2013-12-02', '300.00', NULL),
(1207, '00013615', '284', 282, 'EM VINIL NA COR PRETA -  ESPALDA MEDIO - COM BRAÇOS REGULARES ? ALTA RESISTENCIA A PROPAGAÇÃO DE RASGO, REGULADOR DE ENCOSTO E ALTURA ? FABRICADE EM TUBO DE AÇO ANTIFERRUGINOSO ? BRAÇOS EM FORMATO DE T.\n\nCOD. SIMPAS: 71.10.00.00130428-3\n\n05 ANOS DE GARANTIA. - MARCA: CAVALETTI', NULL, 10, 'BOM', '2013-12-02', '300.00', NULL),
(1208, '00013616', '285', 282, 'EM VINIL NA COR PRETA -  ESPALDA MEDIO - COM BRAÇOS REGULARES ? ALTA RESISTENCIA A PROPAGAÇÃO DE RASGO, REGULADOR DE ENCOSTO E ALTURA ? FABRICADE EM TUBO DE AÇO ANTIFERRUGINOSO ? BRAÇOS EM FORMATO DE T.\n\nCOD. SIMPAS: 71.10.00.00130428-3\n\n05 ANOS DE GARANTIA. - MARCA: CAVALETTI', NULL, 10, 'BOM', '2013-12-02', '300.00', NULL),
(1209, '00013716', '286', 278, 'SD', NULL, 10, 'BOM', '2013-12-02', '220.00', NULL),
(1210, '00013717', '287', 278, 'SD', NULL, 10, 'BOM', '2013-12-02', '220.00', NULL),
(1211, '00013718', '288', 278, 'SD', NULL, 10, 'BOM', '2013-12-02', '220.00', NULL),
(1212, '00013719', '289', 278, 'SD', NULL, 10, 'BOM', '2013-12-02', '220.00', NULL),
(1213, '00013720', '290', 278, 'SD', NULL, 10, 'BOM', '2013-12-02', '220.00', NULL),
(1214, '00013721', '291', 278, 'SD', NULL, 10, 'BOM', '2013-12-02', '220.00', NULL),
(1215, '00013722', '292', 278, 'SD', NULL, 10, 'BOM', '2013-12-02', '220.00', NULL),
(1216, '00013723', '293', 278, 'SD', NULL, 10, 'BOM', '2013-12-02', '220.00', NULL),
(1217, '00013724', '294', 278, 'SD', NULL, 10, 'BOM', '2013-12-02', '220.00', NULL),
(1218, '00013915', '295', 336, 'EM LAMINA MELAMINICO BP ARGILA, BORDA EM PVC EXTRUDADO, DIMENSÃO 1200 X 730 X 740 MM, PAINEL FRONTAL EM CHAPA DE MDP COM BORDA EM PVC\nGARANTIA MINIMA DE 5 ANOS \nCOD DO SIMPAS:  71.10.00.00130414-3 - MARCA: W3', NULL, 10, 'BOM', '2013-12-02', '560.00', NULL),
(1219, '00013916', '296', 336, 'EM LAMINA MELAMINICO BP ARGILA, BORDA EM PVC EXTRUDADO, DIMENSÃO 1200 X 730 X 740 MM, PAINEL FRONTAL EM CHAPA DE MDP COM BORDA EM PVC\nGARANTIA MINIMA DE 5 ANOS \nCOD DO SIMPAS:  71.10.00.00130414-3 - MARCA: W3', NULL, 10, 'BOM', '2013-12-02', '560.00', NULL),
(1220, '00013917', '297', 336, 'EM LAMINA MELAMINICO BP ARGILA, BORDA EM PVC EXTRUDADO, DIMENSÃO 1200 X 730 X 740 MM, PAINEL FRONTAL EM CHAPA DE MDP COM BORDA EM PVC\nGARANTIA MINIMA DE 5 ANOS \nCOD DO SIMPAS:  71.10.00.00130414-3 - MARCA: W3', NULL, 10, 'BOM', '2013-12-02', '560.00', NULL),
(1221, '00013918', '298', 336, 'EM LAMINA MELAMINICO BP ARGILA, BORDA EM PVC EXTRUDADO, DIMENSÃO 1200 X 730 X 740 MM, PAINEL FRONTAL EM CHAPA DE MDP COM BORDA EM PVC\nGARANTIA MINIMA DE 5 ANOS \nCOD DO SIMPAS:  71.10.00.00130414-3 - MARCA: W3', NULL, 10, 'BOM', '2013-12-02', '560.00', NULL),
(1222, '00013919', '299', 336, 'EM LAMINA MELAMINICO BP ARGILA, BORDA EM PVC EXTRUDADO, DIMENSÃO 1200 X 730 X 740 MM, PAINEL FRONTAL EM CHAPA DE MDP COM BORDA EM PVC\nGARANTIA MINIMA DE 5 ANOS \nCOD DO SIMPAS:  71.10.00.00130414-3 - MARCA: W3', NULL, 10, 'BOM', '2013-12-02', '560.00', NULL),
(1223, '00014251', '300', 304, 'RODIZIOS COM 02 GAVETAS E 01 GAVETÃO FECHADO COM TAMANHO PADRAO DE PASTA SUSPENSA: TAMPO EM CHAPA DE MDP COM GAVETAS COM CORREDICAS FECHADURA DE COMANDO UNICO COM 02 CHAVES DOBRAVEIS. BANDEJA PORTA LAPIS EM POLIESTIRENO DE ALTO IMPACTO. RODIZIOS DUPLOS EM NYLON. DIMENSÃO: 4230MM X 520MM  X 650MM (LXPXA) GARANTIA MINIMA DE 5 ANOS\nCOD. DO SIMPAS: 71.10.00.00130424-0 MARCA: MADE MOVEIS', NULL, 10, 'BOM', '2013-12-17', '236.00', NULL),
(1224, '00014252', '301', 304, 'RODIZIOS COM 02 GAVETAS E 01 GAVETÃO FECHADO COM TAMANHO PADRAO DE PASTA SUSPENSA: TAMPO EM CHAPA DE MDP COM GAVETAS COM CORREDICAS FECHADURA DE COMANDO UNICO COM 02 CHAVES DOBRAVEIS. BANDEJA PORTA LAPIS EM POLIESTIRENO DE ALTO IMPACTO. RODIZIOS DUPLOS EM NYLON. DIMENSÃO: 4230MM X 520MM  X 650MM (LXPXA) GARANTIA MINIMA DE 5 ANOS\nCOD. DO SIMPAS: 71.10.00.00130424-0 MARCA: MADE MOVEIS', NULL, 10, 'BOM', '2013-12-17', '236.00', NULL),
(1225, '00014253', '302', 304, 'RODIZIOS COM 02 GAVETAS E 01 GAVETÃO FECHADO COM TAMANHO PADRAO DE PASTA SUSPENSA: TAMPO EM CHAPA DE MDP COM GAVETAS COM CORREDICAS FECHADURA DE COMANDO UNICO COM 02 CHAVES DOBRAVEIS. BANDEJA PORTA LAPIS EM POLIESTIRENO DE ALTO IMPACTO. RODIZIOS DUPLOS EM NYLON. DIMENSÃO: 4230MM X 520MM  X 650MM (LXPXA) GARANTIA MINIMA DE 5 ANOS\nCOD. DO SIMPAS: 71.10.00.00130424-0 MARCA: MADE MOVEIS', NULL, 10, 'BOM', '2013-12-17', '236.00', NULL),
(1226, '00014254', '303', 304, 'RODIZIOS COM 02 GAVETAS E 01 GAVETÃO FECHADO COM TAMANHO PADRAO DE PASTA SUSPENSA: TAMPO EM CHAPA DE MDP COM GAVETAS COM CORREDICAS FECHADURA DE COMANDO UNICO COM 02 CHAVES DOBRAVEIS. BANDEJA PORTA LAPIS EM POLIESTIRENO DE ALTO IMPACTO. RODIZIOS DUPLOS EM NYLON. DIMENSÃO: 4230MM X 520MM  X 650MM (LXPXA) GARANTIA MINIMA DE 5 ANOS\nCOD. DO SIMPAS: 71.10.00.00130424-0 MARCA: MADE MOVEIS', NULL, 10, 'BOM', '2013-12-17', '236.00', NULL),
(1227, '00014255', '304', 304, 'RODIZIOS COM 02 GAVETAS E 01 GAVETÃO FECHADO COM TAMANHO PADRAO DE PASTA SUSPENSA: TAMPO EM CHAPA DE MDP COM GAVETAS COM CORREDICAS FECHADURA DE COMANDO UNICO COM 02 CHAVES DOBRAVEIS. BANDEJA PORTA LAPIS EM POLIESTIRENO DE ALTO IMPACTO. RODIZIOS DUPLOS EM NYLON. DIMENSÃO: 4230MM X 520MM  X 650MM (LXPXA) GARANTIA MINIMA DE 5 ANOS\nCOD. DO SIMPAS: 71.10.00.00130424-0 MARCA: MADE MOVEIS', NULL, 10, 'BOM', '2013-12-17', '236.00', NULL),
(1228, '00014287', '305', 323, 'DE 04 LUGARES PARA BANCO COMPONOVEL EM TUBO DE ACO 80 X 40MM EM ESPESSURA DE 1.90MM COM ACABAMENTO DE SUPERFICIE PINTADO. ALTA RESISTENCIA A PROPAGAÇÃO DE RASGA. ALTA TENSÃO DE ALONGAMENTO E RUPTURA. REVESTIMENTO EM VINIL OU COURO ECOLOGICO NA COR PRETA. DIMENSÃO : 2500MM X 570MM X 860MM (LXPXA) COM VARIAÇÃO DE +/- 5% GARANTIA MINIMA DE 5 ANOS\nCOD. DO SIMPAS: 71.10.00.00130480-1 - MARCA: MARTIFLEX', NULL, 10, 'BOM', '2013-12-17', '696.00', NULL),
(1229, '00014288', '306', 323, 'DE 04 LUGARES PARA BANCO COMPONOVEL EM TUBO DE ACO 80 X 40MM EM ESPESSURA DE 1.90MM COM ACABAMENTO DE SUPERFICIE PINTADO. ALTA RESISTENCIA A PROPAGAÇÃO DE RASGA. ALTA TENSÃO DE ALONGAMENTO E RUPTURA. REVESTIMENTO EM VINIL OU COURO ECOLOGICO NA COR PRETA. DIMENSÃO : 2500MM X 570MM X 860MM (LXPXA) COM VARIAÇÃO DE +/- 5% GARANTIA MINIMA DE 5 ANOS\nCOD. DO SIMPAS: 71.10.00.00130480-1 - MARCA: MARTIFLEX', NULL, 10, 'BOM', '2013-12-17', '696.00', NULL),
(1230, '00014342', '308', 263, 'SD', 17, 10, 'REGULAR', '2014-08-27', '120.00', NULL),
(1231, '00014353', '309', 263, 'SD', NULL, 10, 'REGULAR', '2014-08-27', '120.00', NULL),
(1232, '00014370', '310', 64, 'SD', NULL, 10, 'REGULAR', '2014-08-27', '20.00', NULL),
(1233, '00014394', '311', 64, 'SD', NULL, 10, 'REGULAR', '2014-08-27', '20.00', NULL),
(1234, '00014707', '312', 50, 'FRIO CAPACIDADE DE REFRIGERAÇÃO MINIMA DE 12.000 BTU ? 220 VOLTS, FUNÇÃO DE DESUMIFICAÇÃO ? CONTROLE REMOTO SEM FIO ? BAIXO NIVEL DE RUIDO ? CLASSIFICAÇÃO ENERGETICA TIPO ?A?\n\nCOD. SIMPAS: 41.20.00.00138794-4. - MARCA: GREE', NULL, 10, 'BOM', '2014-07-28', '1179.00', NULL),
(1235, '00014713', '313', 50, 'FRIO CAPACIDADE DE REFRIGERAÇÃO MINIMA DE 12.000 BTU ? 220 VOLTS, FUNÇÃO DE DESUMIFICAÇÃO ? CONTROLE REMOTO SEM FIO ? BAIXO NIVEL DE RUIDO ? CLASSIFICAÇÃO ENERGETICA TIPO ?A?\n\nCOD. SIMPAS: 41.20.00.00138794-4. - MARCA: GREE', NULL, 10, 'BOM', '2014-07-28', '1179.00', NULL),
(1236, '00014763', '314', 278, 'SD', NULL, 10, 'REGULAR', '2013-06-14', '35.62', NULL),
(1237, '00015166', '315', 152, 'DE PAREDE, ODONTOLOGICO, DIGITAL. BRANCO ARTICULAVEL COM MOVIEMENTACAO VERTICAL E HORINZONTAL, 110/220 VOLTS \n\nMARCA X-DENT \n\nCODIGO SIMPLES 65.25.25.00000278-0 - MARCA: IDENTECH', NULL, 10, 'BOM', '2014-08-29', '3093.00', NULL),
(1238, '00015404', '316', 173, 'COM BANDEJA INOX, ARMAÇÃO TUBOLAR PINTADA, SOBRE RODIZIOS, ALTURA REGULAVÉL.\n\nCOR. SIMPAS: 65.30.19.000032638.\n\nMARCA: CAUMAQ', NULL, 10, 'BOM', '2014-10-02', '126.89', NULL),
(1239, '00015415', '317', 180, 'SANFONADO EM PVC RIGIDO COM PERFIL DE ALUMINIO COM SUPERFICIE DE FACIL HIGIENIZAÇÃO, ATXICO COM RODIZIO, COM TODOS OS SEUS ACESSORIOS.\nCOD. SIMPAS: 65.30.19.00105859-2\nMARCA: BCF', NULL, 10, 'BOM', '2014-10-13', '1200.00', NULL),
(1240, '00015443', '318', 125, 'COM ILUMINAÇÃO POR FIBRA ÓPTICA, USADO PARA EXAMES EXTERNOS DO CONDUTOR AUDITIVO, COM LENTE GIRATÓRIA, QUE PROPORCIONA O AUMENTO DE ATÉ 2,5, RECARREGÁVEL.\nFORNECEDOR ? (41) 2102-8344\nCOD. SIMPAS: 65.15.19.00107645-0.\nMARCA: MD\nGARANTIA DE 01 ANO. - MARCA: MD', NULL, 10, 'BOM', '2014-12-01', '1000.00', NULL),
(1241, '00015470', '319', 179, 'USO HOSPITALAR EM ESTRUTURA TUBULAR, PISO EM ACO PINTADO, NA COR BRANCA, COBERTO COM BORRACHA ANTIDERRAPANTE E PES PROTETORES DE BORRACHA\n\nSIMPAS 65.30.19.0000314-6 - MARCA: RENASCER', NULL, 10, 'BOM', '2014-11-13', '79.30', NULL),
(1242, '00015934', '320', 219, 'DE PAGINA COLORIDA A4, 25PPM / 50PPM ALIMENTAÇÃO AUTOMATICA, DUPLEX EM UMA PASSAGEM, USB, DETECÇÃO AUTOMATICA DE CUMPRIMENTO,\n\n\n\nFORNECEDOR ? (11) 2778-8093.\n\n\n\nCOD. SIMPAS: 70.25.00.00133322-4.\n\n\n\nMARCA: AVISION\n\n\n\nGARANTIA DE 03 ANO. - MARCA: AVISION - SERIE: 00', NULL, 10, 'BOM', '2014-12-16', '1347.50', NULL),
(1243, '00015987', '321', 319, 'USO HOSPITALAR, VITRINE, COM 2 PORTAS SUPERIORES, 2 PRATELEIRAS INTERNAS, LATERAIS E FRENTE DE VIDRO\n\n\n\nSIMPAS 65.30.19.00003490-8 - MARCA: ITALBRAS', NULL, 10, 'BOM', '2014-11-25', '602.37', NULL),
(1244, '00015988', '322', 319, 'USO HOSPITALAR, VITRINE, COM 2 PORTAS SUPERIORES, 2 PRATELEIRAS INTERNAS, LATERAIS E FRENTE DE VIDRO\n\n\n\nSIMPAS 65.30.19.00003490-8 - MARCA: ITALBRAS', NULL, 10, 'BOM', '2014-11-25', '602.37', NULL),
(1245, '00015989', '323', 319, 'USO HOSPITALAR, VITRINE, COM 2 PORTAS SUPERIORES, 2 PRATELEIRAS INTERNAS, LATERAIS E FRENTE DE VIDRO\n\n\n\nSIMPAS 65.30.19.00003490-8 - MARCA: ITALBRAS', NULL, 10, 'BOM', '2014-11-25', '602.37', NULL),
(1246, '00016060', '324', 367, 'CAPACIDADE MINIMA 30LITROS PAINEL DE CONTROLE ELETRICOS, FUNÇÃO DE DESCONGELAMENTO MINIMO DE POTÊNCIA, RELOGIO TRAVA DE SEGURANÇA ,TENSÃO 127. - MARCA: PANASONIC', NULL, 10, 'BOM', '2015-06-15', '370.00', NULL),
(1247, '00016062', '325', 367, 'CAPACIDADE MINIMA 30LITROS PAINEL DE CONTROLE ELETRICOS, FUNÇÃO DE DESCONGELAMENTO MINIMO DE POTÊNCIA, RELOGIO TRAVA DE SEGURANÇA ,TENSÃO 127. - MARCA: PANASONIC', NULL, 10, 'BOM', '2015-06-15', '370.00', NULL),
(1248, '00016107', '326', 280, 'SD', NULL, 10, 'REGULAR', '2015-07-16', '70.00', NULL),
(1249, '00016108', '327', 280, 'SD', NULL, 10, 'REGULAR', '2015-07-16', '70.00', NULL),
(1250, '00016109', '328', 280, 'SD', NULL, 10, 'REGULAR', '2015-07-16', '70.00', NULL),
(1251, '00016110', '329', 280, 'SD', NULL, 10, 'REGULAR', '2015-07-16', '70.00', NULL),
(1252, '00016111', '330', 280, 'SD', NULL, 10, 'REGULAR', '2015-07-16', '70.00', NULL),
(1253, '00016112', '331', 269, 'SD', NULL, 10, 'REGULAR', '2015-07-16', '70.00', NULL),
(1254, '00016113', '332', 276, 'SD', NULL, 10, 'REGULAR', '2015-07-16', '60.00', NULL),
(1255, '00016114', '333', 276, 'SD', NULL, 10, 'REGULAR', '2015-07-16', '60.00', NULL),
(1256, '00016115', '334', 276, 'SD', NULL, 10, 'REGULAR', '2015-07-16', '60.00', NULL),
(1257, '00016116', '335', 331, '4 PRATELEIRAS', NULL, 10, 'REGULAR', '2015-07-16', '150.00', NULL),
(1258, '00016117', '336', 331, '4 PRATELEIRAS', NULL, 10, 'REGULAR', '2015-07-16', '150.00', NULL),
(1259, '00016118', '337', 331, '4 PRATELEIRAS', NULL, 10, 'REGULAR', '2015-07-16', '150.00', NULL),
(1260, '00016119', '338', 331, '4 PRATELEIRAS', NULL, 10, 'REGULAR', '2015-07-16', '150.00', NULL),
(1261, '00016120', '339', 331, '4 PRATELEIRAS', NULL, 10, 'REGULAR', '2015-07-16', '150.00', NULL),
(1262, '00016121', '340', 331, '4 PRATELEIRAS', NULL, 10, 'REGULAR', '2015-07-16', '150.00', NULL),
(1263, '00016122', '341', 331, '4 PRATELEIRAS', NULL, 10, 'REGULAR', '2015-07-16', '150.00', NULL),
(1264, '00016123', '342', 331, '4 PRATELEIRAS', NULL, 10, 'REGULAR', '2015-07-16', '150.00', NULL),
(1265, '00016124', '343', 326, 'SD', NULL, 10, 'REGULAR', '2015-07-16', '150.00', NULL),
(1266, '00016125', '344', 326, 'SD', NULL, 10, 'REGULAR', '2015-07-16', '150.00', NULL),
(1267, '00016126', '345', 326, 'SD', NULL, 10, 'REGULAR', '2015-07-16', '150.00', NULL),
(1268, '00016127', '346', 326, 'SD', NULL, 10, 'REGULAR', '2015-07-16', '150.00', NULL),
(1269, '00016128', '347', 326, 'SD', NULL, 10, 'REGULAR', '2015-07-16', '150.00', NULL),
(1270, '00016129', '348', 310, 'SD', NULL, 10, 'REGULAR', '2015-07-16', '90.00', NULL),
(1271, '00016130', '349', 499, 'SD', NULL, 10, 'REGULAR', '2015-07-16', '200.00', NULL),
(1272, '00016132', '350', 330, 'SD', NULL, 10, 'REGULAR', '2015-07-16', '130.00', NULL),
(1273, '00016133', '351', 330, 'SD', NULL, 10, 'REGULAR', '2015-07-16', '130.00', NULL),
(1274, '00016378', '352', 66, 'SD', NULL, 10, 'REGULAR', '2015-07-16', '130.00', NULL),
(1275, '00016379', '353', 66, 'SD', NULL, 10, 'REGULAR', '2015-07-16', '130.00', NULL),
(1276, '00016380', '354', 66, 'SD', NULL, 10, 'REGULAR', '2015-07-16', '130.00', NULL);
INSERT INTO `tb_patrimonio` (`id`, `num_patrimonio`, `patri_antigo`, `id_item`, `descricao`, `id_setor`, `id_unidade`, `sit_fisica`, `data_aquisicao`, `valor_aquisicao`, `obs`) VALUES
(1277, '00016381', '355', 66, 'SD', NULL, 10, 'REGULAR', '2015-07-16', '130.00', NULL),
(1278, '00016382', '356', 42, 'SD', NULL, 10, 'REGULAR', '2015-07-16', '200.00', NULL),
(1279, '00016384', '357', 367, 'SD', NULL, 10, 'REGULAR', '2015-07-16', '170.00', NULL),
(1280, '00016385', '358', 367, 'SD', NULL, 10, 'REGULAR', '2015-07-16', '170.00', NULL),
(1281, '00016386', '359', 290, 'SD', NULL, 10, 'REGULAR', '2015-07-16', '50.00', NULL),
(1282, '00016387', '360', 290, 'SD', NULL, 10, 'REGULAR', '2015-07-16', '50.00', NULL),
(1283, '00016388', '361', 290, 'SD', NULL, 10, 'REGULAR', '2015-07-16', '50.00', NULL),
(1284, '00016389', '362', 290, 'SD', NULL, 10, 'REGULAR', '2015-07-16', '50.00', NULL),
(1285, '00016390', '363', 287, 'SD', NULL, 10, 'REGULAR', '2015-07-16', '130.00', NULL),
(1286, '00016391', '364', 287, 'SD', NULL, 10, 'REGULAR', '2015-07-16', '130.00', NULL),
(1287, '00016392', '365', 287, 'SD', NULL, 10, 'REGULAR', '2015-07-16', '130.00', NULL),
(1288, '00016393', '366', 287, 'SD', NULL, 10, 'REGULAR', '2015-07-16', '130.00', NULL),
(1289, '00016394', '367', 287, 'SD', NULL, 10, 'REGULAR', '2015-07-16', '130.00', NULL),
(1290, '00016395', '368', 411, '29 POLEGADAS', NULL, 10, 'PRECARIO', '2015-07-16', '170.00', NULL),
(1291, '00016396', '369', 304, '03 GAVETAS', NULL, 10, 'REGULAR', '2015-07-16', '70.00', NULL),
(1292, '00017068', '370', 50, 'SD', NULL, 10, 'BOM', '2013-06-12', '510.32', NULL),
(1293, '00017069', '371', 50, 'SD', NULL, 10, 'BOM', '2013-06-12', '510.32', NULL),
(1294, '00017070', '372', 50, 'SD', NULL, 10, 'BOM', '2013-06-12', '510.32', NULL),
(1295, '00017071', '373', 50, 'SD', NULL, 10, 'BOM', '2013-06-12', '510.32', NULL),
(1296, '00017072', '374', 50, 'SD', NULL, 10, 'BOM', '2013-06-12', '510.32', NULL),
(1297, '00017073', '375', 336, 'SD', NULL, 10, 'BOM', '2013-06-12', '148.86', NULL),
(1298, '00017074', '376', 278, 'SD', NULL, 10, 'BOM', '2013-06-12', '35.62', NULL),
(1299, '00017075', '377', 278, 'SD', NULL, 10, 'BOM', '2013-06-12', '35.62', NULL),
(1300, '00017076', '378', 280, 'SD', NULL, 10, 'BOM', '2013-06-12', '25.80', NULL),
(1301, '00017077', '379', 278, 'SD', NULL, 10, 'BOM', '2013-06-14', '35.62', NULL),
(1302, '00017078', '380', 278, 'SD', NULL, 10, 'BOM', '2013-06-14', '35.62', NULL),
(1303, '00017079', '381', 291, 'SD', NULL, 10, 'BOM', '2013-06-14', '185.44', NULL),
(1304, '00017080', '382', 214, 'SD', NULL, 10, 'BOM', '2013-06-14', '716.69', NULL),
(1305, '00017081', '383', 282, 'SD', NULL, 10, 'INSERVIVEL', '2013-06-14', '79.17', NULL),
(1306, '00017309', '384', 66, 'GELADA E TEMPERATURA AMBIENTE, REFRIGERAÇÃO MACANICA, MATERIAL NÃO OXIDAVÉL, SISTEMA DE FILTRAGEM PARA RETENÇÃO DE IMPUREZAS, 127 VOLTS.\n\n\n\nGARANTIA DE 01 ANO.\n\n\n\nCOD. SIMPAS: 46.10.00.00126799-0 - MARCA: LATINA PURITRONIC', NULL, 10, 'BOM', '2017-08-28', '502.00', NULL),
(1307, '00017575', '385', 178, 'SUPORTE, PARA SORO, EM AÇO INEXPLICAVEL AISI 304, TUBO DE 1 POLEGADA , ALTURA REGULAVEL MINIMA DE 1,40m E MAXIMA  DE 2,0m  COM QUATRO GANCHOS , BASE DE APOIO  EM AÇO INOX TUBULAR E 04 RODIZIOS GIRATORIOS E ESFERICOS DE 02 POLEGADAS.\nMARCA: MAX MED   /  CNPJ: 20.273.404/0001-66\nCODIGO SIMPAS : 65.30.19.00069206-9', NULL, 10, 'BOM', '2016-11-01', '203.16', NULL),
(1308, '00017585', '386', 174, 'MESA HOSPITALAR , PARA EXAME CLINICO FIXA.\nESTRUTURA TUBULAR AÇO INOX, TAMPO EM CHAPA DE AÇO INOX, TAMPO ESTOFADO, REVESTIMENTO COURVIM REFORÇADO KG/M2, CABECEIRA MOVEL DIMENÇÕES 1900 x 550  x 800 MM\nMARCA: MAX MED   /  CNPJ: 20.273.404/0001-66\nCODIGO SIMPAS : 65.30.19.00010089-7', NULL, 10, 'BOM', '2016-11-01', '590.00', NULL),
(1309, '00017588', '387', 168, 'CARRO, MACA, HOSPITALAR, PARA TRANSPORTE DE PACIENTE, ESTOFADO REMOVIVEL E CABECEIRA MOVEL ESTRUTURADA EM TUBOD DE AÇO INOXIDAVEL, LEITO EM AÇO INOX, RODAS GIRATORIAS  REVESTIDAS EM BORRACHA DE 5\' A  6\' DE  DIAMETRO, COM SITEMA DE FREIOS, SISTEMA DE ENGATE RAPIDO.\nMARCA: MALITY   /  CNPJ: 20.273.404/0001-66\nCODIGO SIMPAS : 65.30.19.00095021-1', NULL, 10, 'BOM', '2016-11-21', '3166.66', NULL),
(1310, '00017593', '388', 182, 'FOCO, PARABOLICO, HASTE CROMADA, FLEXIVEL, TIPO CASTICAL, ALTURA REGULAVEL, LAMPADA  HALOGENADA, BASE  EM TRIPE DE  FERRO PINTADO, TENSÃO BIVOLT (110 E 220 VOLTS)\nMARCA: MED PEJ   /  CNPJ: 20.273.404/0001-66\nCODIGO SIMPAS : 65.30.19.00021358-6', NULL, 10, 'BOM', '2016-11-01', '377.00', NULL),
(1311, '00017758', '391', 530, 'BIOMBO DE 03 (TRÊS) PANOS, ARMAÇÃO EM AÇO, PINTURA ATIFERRUGEM,PES COM RODIZIO, FECHAMENTO EM PLASTICO IMPERMEAVEL RESISTENTE, DIMENSOES 1750 X 1800 mm, PODENDO VARIAR +/- 5 cm  PARA MAIS OU MENOS.\nMARCA: MAX MED  /  CNPJ: 20.273.404/0001-66\nCODIGO SIMPAS : 65.30.19.00107376-1', NULL, 10, 'BOM', '2016-11-01', '198.39', NULL),
(1312, '00017764', '392', 46, 'REFRIGERADOR, COMBINADO, CAPACIDADE DE VOLUME INTERNO DE 300 LITROS, TENSÃO 127 VOLTS, COR BRANCA, COM PRATELEIRAS PARA OVOS E LATICINEOS, PRATELEIRAS INTERNAS, GAVETAS PARA VEGETAIS E FRUTAS, CARNES, CONGELADOR TIPO DEGELO, SELO PROCEL.\nCODIGO SIMPAS: 41.10.00.00152283-3\nMARCA : ESMALTEC RCD38', NULL, 10, 'BOM', '2016-11-16', '1258.84', NULL),
(1313, '00017892', '393', 46, 'CAPACIDADE MIN. INTERNA 2401 -  TENSAO 127 - DEGELO - COM PRATELEIRAS  - GARANTIA DE 1 ANO - MARCA: ELETROLUX', NULL, 10, 'BOM', '2015-06-26', '931.73', NULL),
(1314, '00017895', '394', 46, 'CAPACIDADE MIN. INTERNA 2401 -  TENSAO 127 - DEGELO - COM PRATELEIRAS  - GARANTIA DE 1 ANO - MARCA: ELETROLUX', NULL, 10, 'BOM', '2015-06-26', '931.73', NULL),
(1315, '00017896', '395', 46, 'CAPACIDADE MIN. INTERNA 2401 -  TENSAO 127 - DEGELO - COM PRATELEIRAS  - GARANTIA DE 1 ANO - MARCA: ELETROLUX', NULL, 10, 'BOM', '2015-06-26', '931.73', NULL),
(1316, '00018792', '396', 156, 'EM ALUMINIO, DOBRAVEL, FIXO, REGULAVEL COM PINO DE AJUSTE, PUNHADEIRA EM BORRACHA, COM PONTEIRAS REVESTIDA EM BORRACHA E RODAS DIANTEIRAS.\nCOD. SIMPAS: 65.30.19.00107083-5 - MARCA: INDAIA', NULL, 10, 'BOM', '2016-08-16', '132.00', NULL),
(1317, '00019185', '397', 483, 'ESFIGMOMANOMETRO PARA ADULTO, COM PEDESTAL E RODIZIO, TIPO ANEROIDE COM ESCALA 0 ? 300 mmHG.MEDIDOR DE PRESSÃO ARTERIAL TIPO ANEROIDE, BRAÇADEIRA DE TECIDO E ALGODÃO, COM FECHAMENTO EM VELCRO. ACESSORIOS:BOLSA PARA GUARDAR BRAÇADEIRA, SUPORTE COM GIRO DE 360.\nMARCA: PREMIUM/ WENZHOU /  CNPJ: 21.262.327/0001-01\nCODIGO SIMPAS : 65.15.19.00106663-3', NULL, 10, 'BOM', '2016-11-01', '350.00', NULL),
(1318, '00019188', '398', 483, 'ESFIGMOMANOMETRO PARA ADULTO, COM PEDESTAL E RODIZIO, TIPO ANEROIDE COM ESCALA 0 ? 300 mmHG.MEDIDOR DE PRESSÃO ARTERIAL TIPO ANEROIDE, BRAÇADEIRA DE TECIDO E ALGODÃO, COM FECHAMENTO EM VELCRO. ACESSORIOS:BOLSA PARA GUARDAR BRAÇADEIRA, SUPORTE COM GIRO DE 360.\nMARCA: PREMIUM/ WENZHOU /  CNPJ: 21.262.327/0001-01\nCODIGO SIMPAS : 65.15.19.00106663-3', NULL, 10, 'BOM', '2016-11-01', '350.00', NULL),
(1319, '00019192', '399', 483, 'ESFIGMOMANOMETRO PARA ADULTO, COM PEDESTAL E RODIZIO, TIPO ANEROIDE COM ESCALA 0 ? 300 mmHG.MEDIDOR DE PRESSÃO ARTERIAL TIPO ANEROIDE, BRAÇADEIRA DE TECIDO E ALGODÃO, COM FECHAMENTO EM VELCRO. ACESSORIOS:BOLSA PARA GUARDAR BRAÇADEIRA, SUPORTE COM GIRO DE 360.\nMARCA: PREMIUM/ WENZHOU /  CNPJ: 21.262.327/0001-01\nCODIGO SIMPAS : 65.15.19.00106663-3', NULL, 10, 'BOM', '2016-11-01', '350.00', NULL),
(1320, '00019266', '400', 51, 'CAPACIDADE DE REFRIGERAÇÃO DE 12.000 BTU ? TEN~SAO 220 V. - FUINÇÃO DE DESUMIDIFICAÇÃO ? CONTROLE SEM FIO ? RUIDO BAIXO ? BAIXO CONSUMO DE ENERGIA.\n\n01 ANO DE GARANTIA.\n\nCOD. SIMPAS: 41.20.00.00151432-6. - MARCA: ELGIN', NULL, 10, 'BOM', '2017-02-02', '1209.99', NULL),
(1321, '00019271', '401', 51, 'CAPACIDADE DE REFRIGERAÇÃO DE 12.000 BTU ? TEN~SAO 220 V. - FUINÇÃO DE DESUMIDIFICAÇÃO ? CONTROLE SEM FIO ? RUIDO BAIXO ? BAIXO CONSUMO DE ENERGIA.\n\n01 ANO DE GARANTIA.\n\nCOD. SIMPAS: 41.20.00.00151432-6. - MARCA: ELGIN', NULL, 10, 'BOM', '2017-02-02', '1209.99', NULL),
(1322, '00019311', '402', 60, '-EQUIPAMENTOS DETECTORES DE METAIS, TIPO PÓRTICO\n-EMPRESA DETRONIX INDUSTRIAL ELETRÔNICA LTDA\nEPP\n-ACORDO DE COOPERAÇÃO Nº 40/2015/GAB DEPEN/DEPEN\n-PROCESSO Nº 08003.000001/2015-21', NULL, 10, 'REGULAR', '2016-01-20', '11795.00', NULL),
(1323, '00019312', '403', 60, '-EQUIPAMENTOS DETECTORES DE METAIS, TIPO PÓRTICO\n-EMPRESA DETRONIX INDUSTRIAL ELETRÔNICA LTDA\nEPP\n-ACORDO DE COOPERAÇÃO Nº 40/2015/GAB DEPEN/DEPEN\n-PROCESSO Nº 08003.000001/2015-21', NULL, 10, 'REGULAR', '2016-01-20', '11795.00', NULL),
(1324, '00019313', '404', 60, '-EQUIPAMENTOS DETECTORES DE METAIS, TIPO PÓRTICO\n-EMPRESA DETRONIX INDUSTRIAL ELETRÔNICA LTDA\nEPP\n-ACORDO DE COOPERAÇÃO Nº 40/2015/GAB DEPEN/DEPEN\n-PROCESSO Nº 08003.000001/2015-21', 17, 10, 'REGULAR', '2016-01-20', '11795.00', NULL),
(1325, '00019324', '405', 60, '-DETECTORES DE METAL TIPO MANUAL (RAQUETES)\n\n-EMPRESA DETRONIX INDUSTRIA ELETRONICA LTDA\n\nEPP\n\n-ACORDO DE COOPERAÇÃO Nº 40/2015/GAB DEPEN/DEPEN\n\n-PROCESSO Nº08003.000001/2015-21', NULL, 10, 'BOM', '2016-01-20', '270.00', NULL),
(1326, '00019325', '406', 60, '-DETECTORES DE METAL TIPO MANUAL (RAQUETES)\n\n-EMPRESA DETRONIX INDUSTRIA ELETRONICA LTDA\n\nEPP\n\n-ACORDO DE COOPERAÇÃO Nº 40/2015/GAB DEPEN/DEPEN\n\n-PROCESSO Nº08003.000001/2015-21', NULL, 10, 'BOM', '2016-01-20', '270.00', NULL),
(1327, '00019385', '407', 60, '-DETECTORES DE METAIS PARA INSPEÇÃO INTIMA,TIPO BANQUETA\n-EMPRESA PRIEL INDÚSTRIA ELETRÔNICA LTDA\n-ACORDO DE COOPERAÇÃO Nº 40/2015/GAB DEPEN/DEPEN\n-PROCESSO Nº 08003.000001/2015-21', NULL, 10, 'REGULAR', '2016-01-20', '620.00', NULL),
(1328, '00019397', '408', 60, '-DETECTORES DE METAIS PARA INSPEÇÃO INTIMA,TIPO BANQUETA\n-EMPRESA PRIEL INDÚSTRIA ELETRÔNICA LTDA\n-ACORDO DE COOPERAÇÃO Nº 40/2015/GAB DEPEN/DEPEN\n-PROCESSO Nº 08003.000001/2015-21', NULL, 10, 'REGULAR', '2016-01-20', '620.00', NULL),
(1329, '00019522', '409', 24, 'ROCADEIRA A GASOLINA, MOTOR 2 TEMPOS, POTENCIA 1,7 KW, CILINDRADA 35.2 CM³, CAPACIDADE DO TANQUE 580 ML ROTAÇÃO MAXIMA DE12.50 RPM. COD. SIMPAS; 37.50.00.00144770-0', NULL, 10, 'BOM', '2017-09-12', '838.55', NULL),
(1330, '00019577', '410', 51, '18.000 BTU - HIGH WALL, TENSÃO 220V., OPERAÇÃO FRIO, FUNÇÃO DE DESUMIDIFICAÇÃO ? CONTROLE SEM FIO ? BAIXO NIVEL DE RUIDO.\n\nGARANTIDA DE 01 ANO.\n\nCOD. SIMPAS: 41.20.00.00146836-7. - MARCA: ELGIN', NULL, 10, 'BOM', '2017-04-24', '1939.00', NULL),
(1331, '00019579', '411', 51, '18.000 BTU - HIGH WALL, TENSÃO 220V., OPERAÇÃO FRIO, FUNÇÃO DE DESUMIDIFICAÇÃO ? CONTROLE SEM FIO ? BAIXO NIVEL DE RUIDO.\n\nGARANTIDA DE 01 ANO.\n\nCOD. SIMPAS: 41.20.00.00146836-7. - MARCA: ELGIN', NULL, 10, 'BOM', '2017-04-24', '1939.00', NULL),
(1332, '00019587', '412', 51, '18.000 BTU - HIGH WALL, TENSÃO 220V., OPERAÇÃO FRIO, FUNÇÃO DE DESUMIDIFICAÇÃO ? CONTROLE SEM FIO ? BAIXO NIVEL DE RUIDO.\n\nGARANTIDA DE 01 ANO.\n\nCOD. SIMPAS: 41.20.00.00146836-7. - MARCA: ELGIN', NULL, 10, 'BOM', '2017-04-24', '1939.00', NULL),
(1333, '00019910', '413', 215, 'SD', NULL, 10, 'BOM', '2016-10-10', '1870.00', NULL),
(1334, '00019911', '414', 215, 'SD', NULL, 10, 'BOM', '2016-10-10', '1870.00', NULL),
(1335, '00019977', '418', 419, 'EM AÇO CARBONO, CAPACIDADE DE 10M² (10.000 LITROS), COM VALVULA REGULADORA, UMIDIFICADOR E FLUXOMETRO.\nMARCA: MAT/KIT.\nCOD. SIMPAS: 81.20.00.001390538.', NULL, 10, 'BOM', '2017-06-12', '1341.66', NULL),
(1336, '00019978', '419', 419, 'EM AÇO CARBONO, CAPACIDADE DE 10M² (10.000 LITROS), COM VALVULA REGULADORA, UMIDIFICADOR E FLUXOMETRO.\nMARCA: MAT/KIT.\nCOD. SIMPAS: 81.20.00.001390538.', NULL, 10, 'BOM', '2017-06-12', '1341.66', NULL),
(1337, '00020239', '420', 331, '07 PRATELEIRAS.', NULL, 10, 'REGULAR', '2017-03-21', '200.00', NULL),
(1338, '00020240', '421', 331, '07 PRATELEIRAS.', NULL, 10, 'REGULAR', '2017-03-21', '200.00', NULL),
(1339, '00020241', '422', 331, '05 PRATELEIRAS.', NULL, 10, 'REGULAR', '2017-03-21', '150.00', NULL),
(1340, '00020242', '423', 412, 'SD', NULL, 10, 'REGULAR', '2017-03-21', '240.00', NULL),
(1341, '00020243', '424', 263, 'SD', NULL, 10, 'REGULAR', '2017-03-21', '200.00', NULL),
(1342, '00020244', '425', 304, 'COM 03 GAVETAS', NULL, 10, 'REGULAR', '2017-03-21', '80.00', NULL),
(1343, '00020245', '426', 304, 'COM 03 GAVETAS', NULL, 10, 'REGULAR', '2017-03-21', '80.00', NULL),
(1344, '00020246', '427', 411, '20 POLEGADAS', NULL, 10, '', '2017-03-21', '240.00', NULL),
(1345, '00020247', '428', 284, 'COM 02 GAVETAS', NULL, 10, 'REGULAR', '2017-03-21', '100.00', NULL),
(1346, '00020248', '429', 320, 'COM 02 PORTAS', NULL, 10, 'REGULAR', '2017-03-21', '200.00', NULL),
(1347, '00020249', '430', 25, 'SD', NULL, 10, 'REGULAR', '2017-03-21', '240.00', NULL),
(1348, '00020250', '431', 320, 'COM 01 PORTA', NULL, 10, 'REGULAR', '2017-03-21', '110.00', NULL),
(1349, '00020251', '432', 57, 'VENTILADOR DE PÉ.', NULL, 10, 'REGULAR', '2017-03-21', '240.00', NULL),
(1350, '00020252', '433', 301, 'SD', NULL, 10, 'REGULAR', '2017-03-21', '120.00', NULL),
(1351, '00020253', '434', 301, 'SD', NULL, 10, 'REGULAR', '2017-03-21', '120.00', NULL),
(1352, '00020254', '435', 301, 'SD', NULL, 10, 'REGULAR', '2017-03-21', '120.00', NULL),
(1353, '00020255', '436', 301, 'SD', NULL, 10, 'REGULAR', '2017-03-21', '120.00', NULL),
(1354, '00020256', '437', 280, 'SD', NULL, 10, 'REGULAR', '2017-03-21', '90.00', NULL),
(1355, '00020257', '438', 280, 'SD', NULL, 10, 'REGULAR', '2017-03-21', '90.00', NULL),
(1356, '00020258', '439', 280, 'SD', NULL, 10, 'REGULAR', '2017-03-21', '90.00', NULL),
(1357, '00020259', '440', 279, 'SD', NULL, 10, 'REGULAR', '2017-03-21', '80.00', NULL),
(1358, '00020260', '441', 46, 'SD', NULL, 10, 'REGULAR', '2017-03-21', '250.00', NULL),
(1359, '00020519', '442', 158, 'BALANÇA ELETRONICA ANTROPOMETRICA, CAPACIDADE 200 KG, REGUA COM ESCALA ENTRE 1 E 2M DISPLAY A PARTIR DE 5 DIGITOS, PLATAFORMA COM TAPETE ANTI-DERRAPANTE, PÉS COM AJUSTE REGULAVEIS, BIVOLT (110 E 220 VOLTS) GARANTIA DE 12 MESES. - MARCA: LIDER', NULL, 10, 'BOM', '2017-12-13', '949.00', NULL),
(1360, '00020667', '443', 480, 'CODEC - PARA REALIZACAO DE CHAMADAS + ROTEADOR WI-FI N 150 MBPS + UM APARELHO DE SMARTPHONE DA MARCA : QUANTUM', NULL, 10, 'BOM', '2017-11-28', '11000.00', NULL),
(1361, '00020668', '444', 480, 'CODEC - PARA REALIZACAO DE CHAMADAS + ROTEADOR WI-FI N 150 MBPS + UM APARELHO DE SMARTPHONE DA MARCA : QUANTUM', NULL, 10, 'BOM', '2017-11-28', '11000.00', NULL),
(1362, '00020686', '445', 15, 'COD. DO ITEM: 35. 40 .00. 00125281-0 MARCA CONFTEC.\n\n\n\n\n\n\n\nSELADORA DE EMBALAGEM PLÁSITICA, ACIONAMENTO MANUAL, AREA DE SELAGEM 20CM, PARAFECHAMENTO DE EMBALAGEM DEM POLIETILENO E POLIPROPILENO COM ATÉ 0,20MM DE ESPESSURA, SEM BANCADA DE MESA , BARA SEN REGULADOR DE TEMPERATURA, TENSÃO BIVOLT 9110/220 VOLTS) ,, PINTURA EM EPOXI. - MARCA: CONFIANCA', NULL, 10, 'BOM', '2017-12-29', '141.00', NULL),
(1363, '00020753', '446', 520, 'CÓD. DO  ITEM: 77.30.11.00028158-1 MARCA: PH55A17DSGWA\nTELEVISOR LED DE 55 POLEGADAS , POTÊNCIA MEDIA NO MODO ESPERA 1 W, TENSAO 110-220 VOLTS FULL-HD (1080P) VHF, UHF, E CABO, ISDB-TB (TV DIGITAL,), 9 ms, BRILHO 300 CD/M2, ENTRADA: 3 HDMI, 1 USB, TELA DE 55 POLEGADAS COM TECNOLOGIA DE ILUMINAÇÃO LED, FORMATO NATIVO 16:9; RESOLUÇÃO NATIVA DE 1920 X 1080 PONTOS (PIXELS) (FULL HD), BRILHO NAO INFERIOR A 300 CD/M2; ANGULO DE VISÃO MAXIMO NAO INFERIOR A 170 X 170 GRAUS, - MARCA: PHILCO', NULL, 10, 'BOM', '2017-12-18', '3021.28', NULL),
(1364, '00020762', '447', 520, 'CÓD. DO  ITEM: 77.30.11.00028158-1 MARCA: PH55A17DSGWA\nTELEVISOR LED DE 55 POLEGADAS , POTÊNCIA MEDIA NO MODO ESPERA 1 W, TENSAO 110-220 VOLTS FULL-HD (1080P) VHF, UHF, E CABO, ISDB-TB (TV DIGITAL,), 9 ms, BRILHO 300 CD/M2, ENTRADA: 3 HDMI, 1 USB, TELA DE 55 POLEGADAS COM TECNOLOGIA DE ILUMINAÇÃO LED, FORMATO NATIVO 16:9; RESOLUÇÃO NATIVA DE 1920 X 1080 PONTOS (PIXELS) (FULL HD), BRILHO NAO INFERIOR A 300 CD/M2; ANGULO DE VISÃO MAXIMO NAO INFERIOR A 170 X 170 GRAUS, - MARCA: PHILCO', NULL, 10, 'BOM', '2017-12-18', '3021.28', NULL),
(1365, '00022871', '448', 518, 'MICROCOMPUTADOR + MONITOR - PROCESSADOR DE 3.000 GHZ - CONTROLADOR DE MEMORIA COM CAPACIDADE DE ACESSO A DOIS CANAIS A (DUAL CHANNEL) - DESEMPENHO MINIMO 3000 - MEMORIA RAM PADRAO MINIMO SDRAM DDR4-1866 MHZ - CAPACIDADE INSTALADA: 4 GIGABYTES - PERMITIR EXPASAO DE MEMORIA PARA NO MINIMO 16GB - PLACA MAE - DISCO RIGIDO INTERFACE SERIAL ATA 6GB/S\n\n\n\nCAPACIDADE MINIMA DE 500 GIGABYTES - VELOCIDADE DE 7.200 RPM.\n\n\n\nCOD. DO ITEM: 70.10.00.00160223-3 - MARCA: LENOVO - SERIE: 00', NULL, 10, 'BOM', '2018-07-04', '1856.67', NULL),
(1366, '00022872', '449', 518, 'MICROCOMPUTADOR + MONITOR - PROCESSADOR DE 3.000 GHZ - CONTROLADOR DE MEMORIA COM CAPACIDADE DE ACESSO A DOIS CANAIS A (DUAL CHANNEL) - DESEMPENHO MINIMO 3000 - MEMORIA RAM PADRAO MINIMO SDRAM DDR4-1866 MHZ - CAPACIDADE INSTALADA: 4 GIGABYTES - PERMITIR EXPASAO DE MEMORIA PARA NO MINIMO 16GB - PLACA MAE - DISCO RIGIDO INTERFACE SERIAL ATA 6GB/S\n\n\n\nCAPACIDADE MINIMA DE 500 GIGABYTES - VELOCIDADE DE 7.200 RPM.\n\n\n\nCOD. DO ITEM: 70.10.00.00160223-3 - MARCA: LENOVO - SERIE: 00', NULL, 10, 'BOM', '2018-07-04', '1856.67', NULL),
(1367, '00022873', '450', 518, 'MICROCOMPUTADOR + MONITOR - PROCESSADOR DE 3.000 GHZ - CONTROLADOR DE MEMORIA COM CAPACIDADE DE ACESSO A DOIS CANAIS A (DUAL CHANNEL) - DESEMPENHO MINIMO 3000 - MEMORIA RAM PADRAO MINIMO SDRAM DDR4-1866 MHZ - CAPACIDADE INSTALADA: 4 GIGABYTES - PERMITIR EXPASAO DE MEMORIA PARA NO MINIMO 16GB - PLACA MAE - DISCO RIGIDO INTERFACE SERIAL ATA 6GB/S\n\n\n\nCAPACIDADE MINIMA DE 500 GIGABYTES - VELOCIDADE DE 7.200 RPM.\n\n\n\nCOD. DO ITEM: 70.10.00.00160223-3 - MARCA: LENOVO - SERIE: 00', NULL, 10, 'BOM', '2018-07-04', '1856.67', NULL),
(1368, '00022874', '451', 518, 'MICROCOMPUTADOR + MONITOR - PROCESSADOR DE 3.000 GHZ - CONTROLADOR DE MEMORIA COM CAPACIDADE DE ACESSO A DOIS CANAIS A (DUAL CHANNEL) - DESEMPENHO MINIMO 3000 - MEMORIA RAM PADRAO MINIMO SDRAM DDR4-1866 MHZ - CAPACIDADE INSTALADA: 4 GIGABYTES - PERMITIR EXPASAO DE MEMORIA PARA NO MINIMO 16GB - PLACA MAE - DISCO RIGIDO INTERFACE SERIAL ATA 6GB/S\n\n\n\nCAPACIDADE MINIMA DE 500 GIGABYTES - VELOCIDADE DE 7.200 RPM.\n\n\n\nCOD. DO ITEM: 70.10.00.00160223-3 - MARCA: LENOVO - SERIE: 00', NULL, 10, 'BOM', '2018-07-04', '1856.67', NULL),
(1369, '00022875', '452', 518, 'MICROCOMPUTADOR + MONITOR - PROCESSADOR DE 3.000 GHZ - CONTROLADOR DE MEMORIA COM CAPACIDADE DE ACESSO A DOIS CANAIS A (DUAL CHANNEL) - DESEMPENHO MINIMO 3000 - MEMORIA RAM PADRAO MINIMO SDRAM DDR4-1866 MHZ - CAPACIDADE INSTALADA: 4 GIGABYTES - PERMITIR EXPASAO DE MEMORIA PARA NO MINIMO 16GB - PLACA MAE - DISCO RIGIDO INTERFACE SERIAL ATA 6GB/S\n\n\n\nCAPACIDADE MINIMA DE 500 GIGABYTES - VELOCIDADE DE 7.200 RPM.\n\n\n\nCOD. DO ITEM: 70.10.00.00160223-3 - MARCA: LENOVO - SERIE: 00', NULL, 10, 'BOM', '2018-07-04', '1856.67', NULL),
(1370, '00022876', '453', 518, 'MICROCOMPUTADOR + MONITOR - PROCESSADOR DE 3.000 GHZ - CONTROLADOR DE MEMORIA COM CAPACIDADE DE ACESSO A DOIS CANAIS A (DUAL CHANNEL) - DESEMPENHO MINIMO 3000 - MEMORIA RAM PADRAO MINIMO SDRAM DDR4-1866 MHZ - CAPACIDADE INSTALADA: 4 GIGABYTES - PERMITIR EXPASAO DE MEMORIA PARA NO MINIMO 16GB - PLACA MAE - DISCO RIGIDO INTERFACE SERIAL ATA 6GB/S\n\n\n\nCAPACIDADE MINIMA DE 500 GIGABYTES - VELOCIDADE DE 7.200 RPM.\n\n\n\nCOD. DO ITEM: 70.10.00.00160223-3 - MARCA: LENOVO - SERIE: 00', NULL, 10, 'BOM', '2018-07-04', '1856.67', NULL),
(1371, '00022877', '454', 518, 'MICROCOMPUTADOR + MONITOR - PROCESSADOR DE 3.000 GHZ - CONTROLADOR DE MEMORIA COM CAPACIDADE DE ACESSO A DOIS CANAIS A (DUAL CHANNEL) - DESEMPENHO MINIMO 3000 - MEMORIA RAM PADRAO MINIMO SDRAM DDR4-1866 MHZ - CAPACIDADE INSTALADA: 4 GIGABYTES - PERMITIR EXPASAO DE MEMORIA PARA NO MINIMO 16GB - PLACA MAE - DISCO RIGIDO INTERFACE SERIAL ATA 6GB/S\n\n\n\nCAPACIDADE MINIMA DE 500 GIGABYTES - VELOCIDADE DE 7.200 RPM.\n\n\n\nCOD. DO ITEM: 70.10.00.00160223-3 - MARCA: LENOVO - SERIE: 00', NULL, 10, 'BOM', '2018-07-04', '1856.67', NULL),
(1372, '00022878', '455', 518, 'MICROCOMPUTADOR + MONITOR - PROCESSADOR DE 3.000 GHZ - CONTROLADOR DE MEMORIA COM CAPACIDADE DE ACESSO A DOIS CANAIS A (DUAL CHANNEL) - DESEMPENHO MINIMO 3000 - MEMORIA RAM PADRAO MINIMO SDRAM DDR4-1866 MHZ - CAPACIDADE INSTALADA: 4 GIGABYTES - PERMITIR EXPASAO DE MEMORIA PARA NO MINIMO 16GB - PLACA MAE - DISCO RIGIDO INTERFACE SERIAL ATA 6GB/S\n\n\n\nCAPACIDADE MINIMA DE 500 GIGABYTES - VELOCIDADE DE 7.200 RPM.\n\n\n\nCOD. DO ITEM: 70.10.00.00160223-3 - MARCA: LENOVO - SERIE: 00', NULL, 10, 'BOM', '2018-07-04', '1856.67', NULL),
(1373, '00022879', '456', 518, 'MICROCOMPUTADOR + MONITOR - PROCESSADOR DE 3.000 GHZ - CONTROLADOR DE MEMORIA COM CAPACIDADE DE ACESSO A DOIS CANAIS A (DUAL CHANNEL) - DESEMPENHO MINIMO 3000 - MEMORIA RAM PADRAO MINIMO SDRAM DDR4-1866 MHZ - CAPACIDADE INSTALADA: 4 GIGABYTES - PERMITIR EXPASAO DE MEMORIA PARA NO MINIMO 16GB - PLACA MAE - DISCO RIGIDO INTERFACE SERIAL ATA 6GB/S\n\n\n\nCAPACIDADE MINIMA DE 500 GIGABYTES - VELOCIDADE DE 7.200 RPM.\n\n\n\nCOD. DO ITEM: 70.10.00.00160223-3 - MARCA: LENOVO - SERIE: 00', NULL, 10, 'BOM', '2018-07-04', '1856.67', NULL),
(1374, '00022880', '457', 518, 'MICROCOMPUTADOR + MONITOR - PROCESSADOR DE 3.000 GHZ - CONTROLADOR DE MEMORIA COM CAPACIDADE DE ACESSO A DOIS CANAIS A (DUAL CHANNEL) - DESEMPENHO MINIMO 3000 - MEMORIA RAM PADRAO MINIMO SDRAM DDR4-1866 MHZ - CAPACIDADE INSTALADA: 4 GIGABYTES - PERMITIR EXPASAO DE MEMORIA PARA NO MINIMO 16GB - PLACA MAE - DISCO RIGIDO INTERFACE SERIAL ATA 6GB/S\n\n\n\nCAPACIDADE MINIMA DE 500 GIGABYTES - VELOCIDADE DE 7.200 RPM.\n\n\n\nCOD. DO ITEM: 70.10.00.00160223-3 - MARCA: LENOVO - SERIE: 00', NULL, 10, 'BOM', '2018-07-04', '1856.67', NULL),
(1375, '00022881', '458', 518, 'MICROCOMPUTADOR + MONITOR - PROCESSADOR DE 3.000 GHZ - CONTROLADOR DE MEMORIA COM CAPACIDADE DE ACESSO A DOIS CANAIS A (DUAL CHANNEL) - DESEMPENHO MINIMO 3000 - MEMORIA RAM PADRAO MINIMO SDRAM DDR4-1866 MHZ - CAPACIDADE INSTALADA: 4 GIGABYTES - PERMITIR EXPASAO DE MEMORIA PARA NO MINIMO 16GB - PLACA MAE - DISCO RIGIDO INTERFACE SERIAL ATA 6GB/S\n\n\n\nCAPACIDADE MINIMA DE 500 GIGABYTES - VELOCIDADE DE 7.200 RPM.\n\n\n\nCOD. DO ITEM: 70.10.00.00160223-3 - MARCA: LENOVO - SERIE: 00', NULL, 10, 'BOM', '2018-07-04', '1856.67', NULL),
(1376, '00022882', '459', 518, 'MICROCOMPUTADOR + MONITOR - PROCESSADOR DE 3.000 GHZ - CONTROLADOR DE MEMORIA COM CAPACIDADE DE ACESSO A DOIS CANAIS A (DUAL CHANNEL) - DESEMPENHO MINIMO 3000 - MEMORIA RAM PADRAO MINIMO SDRAM DDR4-1866 MHZ - CAPACIDADE INSTALADA: 4 GIGABYTES - PERMITIR EXPASAO DE MEMORIA PARA NO MINIMO 16GB - PLACA MAE - DISCO RIGIDO INTERFACE SERIAL ATA 6GB/S\n\n\n\nCAPACIDADE MINIMA DE 500 GIGABYTES - VELOCIDADE DE 7.200 RPM.\n\n\n\nCOD. DO ITEM: 70.10.00.00160223-3 - MARCA: LENOVO - SERIE: 00', NULL, 10, 'BOM', '2018-07-04', '1856.67', NULL),
(1377, '00022883', '460', 518, 'MICROCOMPUTADOR + MONITOR - PROCESSADOR DE 3.000 GHZ - CONTROLADOR DE MEMORIA COM CAPACIDADE DE ACESSO A DOIS CANAIS A (DUAL CHANNEL) - DESEMPENHO MINIMO 3000 - MEMORIA RAM PADRAO MINIMO SDRAM DDR4-1866 MHZ - CAPACIDADE INSTALADA: 4 GIGABYTES - PERMITIR EXPASAO DE MEMORIA PARA NO MINIMO 16GB - PLACA MAE - DISCO RIGIDO INTERFACE SERIAL ATA 6GB/S\n\n\n\nCAPACIDADE MINIMA DE 500 GIGABYTES - VELOCIDADE DE 7.200 RPM.\n\n\n\nCOD. DO ITEM: 70.10.00.00160223-3 - MARCA: LENOVO - SERIE: 00', NULL, 10, 'BOM', '2018-07-04', '1856.67', NULL),
(1378, '00022884', '461', 518, 'MICROCOMPUTADOR + MONITOR - PROCESSADOR DE 3.000 GHZ - CONTROLADOR DE MEMORIA COM CAPACIDADE DE ACESSO A DOIS CANAIS A (DUAL CHANNEL) - DESEMPENHO MINIMO 3000 - MEMORIA RAM PADRAO MINIMO SDRAM DDR4-1866 MHZ - CAPACIDADE INSTALADA: 4 GIGABYTES - PERMITIR EXPASAO DE MEMORIA PARA NO MINIMO 16GB - PLACA MAE - DISCO RIGIDO INTERFACE SERIAL ATA 6GB/S\n\n\n\nCAPACIDADE MINIMA DE 500 GIGABYTES - VELOCIDADE DE 7.200 RPM.\n\n\n\nCOD. DO ITEM: 70.10.00.00160223-3 - MARCA: LENOVO - SERIE: 00', NULL, 10, 'BOM', '2018-07-04', '1856.67', NULL),
(1379, '00022885', '462', 518, 'MICROCOMPUTADOR + MONITOR - PROCESSADOR DE 3.000 GHZ - CONTROLADOR DE MEMORIA COM CAPACIDADE DE ACESSO A DOIS CANAIS A (DUAL CHANNEL) - DESEMPENHO MINIMO 3000 - MEMORIA RAM PADRAO MINIMO SDRAM DDR4-1866 MHZ - CAPACIDADE INSTALADA: 4 GIGABYTES - PERMITIR EXPASAO DE MEMORIA PARA NO MINIMO 16GB - PLACA MAE - DISCO RIGIDO INTERFACE SERIAL ATA 6GB/S\n\n\n\nCAPACIDADE MINIMA DE 500 GIGABYTES - VELOCIDADE DE 7.200 RPM.\n\n\n\nCOD. DO ITEM: 70.10.00.00160223-3 - MARCA: LENOVO - SERIE: 00', NULL, 10, 'BOM', '2018-07-04', '1856.67', NULL);

-- --------------------------------------------------------

--
-- Estrutura para tabela `tb_setores`
--

CREATE TABLE `tb_setores` (
  `id` int(11) NOT NULL,
  `nome` varchar(50) NOT NULL,
  `id_unidade` int(11) NOT NULL,
  `responsavel` varchar(50) NOT NULL,
  `telefone` varchar(20) NOT NULL,
  `situacao` enum('A','I') NOT NULL
) ENGINE=InnoDB DEFAULT CHARSET=utf8;

--
-- Fazendo dump de dados para tabela `tb_setores`
--

INSERT INTO `tb_setores` (`id`, `nome`, `id_unidade`, `responsavel`, `telefone`, `situacao`) VALUES
(9, 'CPD', 3, 'Marcus', '01020304', 'A'),
(10, 'csmtic', 3, 'iago', '33335555', 'I'),
(11, 'DA', 3, 'Fulano', '321456987', 'A'),
(12, 'CRC ', 8, 'fulaninho', '2121515555', 'A'),
(13, 'DG', 8, 'joão', '1212324', 'A'),
(14, 'Testando123', 3, 'Teste', '121', 'A'),
(15, 'Diretoria', 10, 'Marcelo Neri', '31157850', 'A'),
(16, 'CRC', 10, 'João Paulo', '31157896', 'A'),
(17, 'Recepção', 10, 'Carla Maria', '31157845', 'A'),
(18, 'Secretaria Diretor', 10, 'Paula Assis', '31158754', 'A'),
(19, 'Atendimento Jurídico', 10, 'Paulo Cardim', '713115-7624', 'A');

-- --------------------------------------------------------

--
-- Estrutura para tabela `tb_unidades`
--

CREATE TABLE `tb_unidades` (
  `id` int(11) NOT NULL,
  `nome` varchar(40) NOT NULL,
  `cidade` varchar(50) NOT NULL,
  `regiao` enum('RMSP','IP','RMSC','IC','CEAPA') DEFAULT NULL,
  `telefone` varchar(15) NOT NULL,
  `diretor` int(11) DEFAULT NULL
) ENGINE=InnoDB DEFAULT CHARSET=utf8;

--
-- Fazendo dump de dados para tabela `tb_unidades`
--

INSERT INTO `tb_unidades` (`id`, `nome`, `cidade`, `regiao`, `telefone`, `diretor`) VALUES
(1, 'PLB', 'Salvador', 'RMSP', '30305510', 4),
(3, 'Complexo de Feira', 'Feira de Santana', 'IP', '33556699', 3),
(4, 'nova', 'valença', 'IC', '11111111', 3),
(5, 'Complexo Feminino', 'Salvador', 'RMSP', '31176571', 3),
(6, 'Lemos de Brito', 'Salvador', 'RMSC', '31176572', 2),
(7, 'Vitória da Conquista', 'Vitória da Conquista', 'IP', '31176573', 3),
(8, 'Itabuna complexo', 'Itabuna', 'IC', '', 3),
(9, 'Teste Ceapa', 'FF', 'CEAPA', '33335555', 3),
(10, 'CPS', 'Salvador', 'RMSP', '', 3),
(11, 'Ceapa', 'Itabuna', 'CEAPA', '55555555555', 5),
(12, 'Ceapa Cruz das Almas', 'Cruz das Almas', 'CEAPA', '33335555', 1),
(21, 'Ceapa Jequié', 'Jequié', 'CEAPA', '99008811', 6),
(22, 'teste', 'salvador', 'RMSP', '2332453453', NULL);

-- --------------------------------------------------------

--
-- Estrutura para tabela `tb_usuarios`
--

CREATE TABLE `tb_usuarios` (
  `id` int(11) NOT NULL,
  `login` varchar(40) NOT NULL,
  `senha` varchar(50) NOT NULL,
  `matricula` varchar(20) DEFAULT NULL,
  `nome` varchar(50) NOT NULL,
  `permissao` enum('1','2') NOT NULL,
  `situacao` enum('A','I') NOT NULL,
  `log` enum('S') DEFAULT NULL,
  `telefone` varchar(15) DEFAULT NULL,
  `email` varchar(50) DEFAULT NULL,
  `id_unidade` int(11) DEFAULT NULL
) ENGINE=InnoDB DEFAULT CHARSET=utf8;

--
-- Fazendo dump de dados para tabela `tb_usuarios`
--

INSERT INTO `tb_usuarios` (`id`, `login`, `senha`, `matricula`, `nome`, `permissao`, `situacao`, `log`, `telefone`, `email`, `id_unidade`) VALUES
(1, 'iago.adm', '21232f297a57a5a743894a0e4a801fc3', '1234567890', 'iago lima', '1', 'A', 'S', '123456789', 'iago@iago.com', 1),
(2, 'marcus', '827ccb0eea8a706c4c34a16891f84e7b', '5555555', 'Marcus Assis', '1', 'A', 'S', '99225566', 'marcus@live.com.br', 3),
(3, 'iago.cm', '6d769ecb25444b49111b669de9ec6104', '123135452', 'Iago Lima', '2', 'A', 'S', '2132165465', 'teste@teste.com', 10),
(4, 'teste20', '054ba03ee548540a918811f03e9c0223', '123456789', 'Teste20', '2', 'A', NULL, '12121255', 'teste20@teste20.com.br', NULL),
(5, 'marcus.cm', '827ccb0eea8a706c4c34a16891f84e7b', '5555555', 'marcus.comum', '2', 'A', 'S', '12132154', 'marcus@teste.com', 10),
(6, 'test', '202cb962ac59075b964b07152d234b70', '00011122234', 'teste 1', '2', 'A', 'S', '99008811', 'teste@teste.com', NULL),
(9, 'silmara', '054ba03ee548540a918811f03e9c0223', '09102018', 'Silmara', '2', 'A', NULL, '33665599', 'silmara@silmara.com.br', 22),
(10, 'outro', '054ba03ee548540a918811f03e9c0223', '2152415', 'outro', '1', 'A', NULL, '2145', 'asda@asd.com', 22),
(11, 'agora', '054ba03ee548540a918811f03e9c0223', '25541514', 'agora', '2', 'A', NULL, '15158', 'agora@ag.com', 11);

--
-- Índices de tabelas apagadas
--

--
-- Índices de tabela `tb_itens`
--
ALTER TABLE `tb_itens`
  ADD PRIMARY KEY (`id`);

--
-- Índices de tabela `tb_patrimonio`
--
ALTER TABLE `tb_patrimonio`
  ADD PRIMARY KEY (`id`),
  ADD UNIQUE KEY `num_patrimonio` (`num_patrimonio`),
  ADD KEY `id_item` (`id_item`),
  ADD KEY `id_setor` (`id_setor`),
  ADD KEY `id_unidade` (`id_unidade`);

--
-- Índices de tabela `tb_setores`
--
ALTER TABLE `tb_setores`
  ADD PRIMARY KEY (`id`),
  ADD KEY `id_unidade` (`id_unidade`);

--
-- Índices de tabela `tb_unidades`
--
ALTER TABLE `tb_unidades`
  ADD PRIMARY KEY (`id`),
  ADD UNIQUE KEY `nome` (`nome`),
  ADD KEY `diretor` (`diretor`);

--
-- Índices de tabela `tb_usuarios`
--
ALTER TABLE `tb_usuarios`
  ADD PRIMARY KEY (`id`),
  ADD UNIQUE KEY `login` (`login`),
  ADD KEY `id_unidade` (`id_unidade`);

--
-- AUTO_INCREMENT de tabelas apagadas
--

--
-- AUTO_INCREMENT de tabela `tb_itens`
--
ALTER TABLE `tb_itens`
  MODIFY `id` int(11) NOT NULL AUTO_INCREMENT, AUTO_INCREMENT=549;

--
-- AUTO_INCREMENT de tabela `tb_patrimonio`
--
ALTER TABLE `tb_patrimonio`
  MODIFY `id` int(11) NOT NULL AUTO_INCREMENT, AUTO_INCREMENT=1380;

--
-- AUTO_INCREMENT de tabela `tb_setores`
--
ALTER TABLE `tb_setores`
  MODIFY `id` int(11) NOT NULL AUTO_INCREMENT, AUTO_INCREMENT=29;

--
-- AUTO_INCREMENT de tabela `tb_unidades`
--
ALTER TABLE `tb_unidades`
  MODIFY `id` int(11) NOT NULL AUTO_INCREMENT, AUTO_INCREMENT=23;

--
-- AUTO_INCREMENT de tabela `tb_usuarios`
--
ALTER TABLE `tb_usuarios`
  MODIFY `id` int(11) NOT NULL AUTO_INCREMENT, AUTO_INCREMENT=12;

--
-- Restrições para dumps de tabelas
--

--
-- Restrições para tabelas `tb_patrimonio`
--
ALTER TABLE `tb_patrimonio`
  ADD CONSTRAINT `tb_patrimonio_ibfk_1` FOREIGN KEY (`id_item`) REFERENCES `tb_itens` (`id`),
  ADD CONSTRAINT `tb_patrimonio_ibfk_2` FOREIGN KEY (`id_setor`) REFERENCES `tb_setores` (`id`),
  ADD CONSTRAINT `tb_patrimonio_ibfk_3` FOREIGN KEY (`id_unidade`) REFERENCES `tb_unidades` (`id`);

--
-- Restrições para tabelas `tb_setores`
--
ALTER TABLE `tb_setores`
  ADD CONSTRAINT `tb_setores_ibfk_1` FOREIGN KEY (`id_unidade`) REFERENCES `tb_unidades` (`id`);

--
-- Restrições para tabelas `tb_unidades`
--
ALTER TABLE `tb_unidades`
  ADD CONSTRAINT `tb_unidades_ibfk_1` FOREIGN KEY (`diretor`) REFERENCES `tb_usuarios` (`id`);

--
-- Restrições para tabelas `tb_usuarios`
--
ALTER TABLE `tb_usuarios`
  ADD CONSTRAINT `tb_usuarios_ibfk_1` FOREIGN KEY (`id_unidade`) REFERENCES `tb_unidades` (`id`);
COMMIT;

/*!40101 SET CHARACTER_SET_CLIENT=@OLD_CHARACTER_SET_CLIENT */;
/*!40101 SET CHARACTER_SET_RESULTS=@OLD_CHARACTER_SET_RESULTS */;
/*!40101 SET COLLATION_CONNECTION=@OLD_COLLATION_CONNECTION */;
