-- phpMyAdmin SQL Dump
-- version 4.7.7
-- https://www.phpmyadmin.net/
--
-- Host: localhost:3306
-- Tempo de geração: 23/10/2018 às 11:57
-- Versão do servidor: 5.6.41-84.1
-- Versão do PHP: 5.6.30

SET SQL_MODE = "NO_AUTO_VALUE_ON_ZERO";
SET AUTOCOMMIT = 0;
START TRANSACTION;
SET time_zone = "+00:00";


/*!40101 SET @OLD_CHARACTER_SET_CLIENT=@@CHARACTER_SET_CLIENT */;
/*!40101 SET @OLD_CHARACTER_SET_RESULTS=@@CHARACTER_SET_RESULTS */;
/*!40101 SET @OLD_COLLATION_CONNECTION=@@COLLATION_CONNECTION */;
/*!40101 SET NAMES utf8mb4 */;

--
-- Banco de dados: `marmo643_scp`
--

-- --------------------------------------------------------

--
-- Estrutura para tabela `tb_grupo`
--

CREATE TABLE `tb_grupo` (
  `id` int(11) NOT NULL,
  `nome_grupo` varchar(40) DEFAULT NULL,
  `cod_grupo` int(10) NOT NULL
) ENGINE=InnoDB DEFAULT CHARSET=utf8;

--
-- Fazendo dump de dados para tabela `tb_grupo`
--

INSERT INTO `tb_grupo` (`id`, `nome_grupo`, `cod_grupo`) VALUES
(1, 'Eletronicos', 10),
(2, 'Eletrodomesticos', 20),
(3, 'Computador', 30);

-- --------------------------------------------------------

--
-- Estrutura para tabela `tb_itens`
--

CREATE TABLE `tb_itens` (
  `id` int(11) NOT NULL,
  `nome_item` text NOT NULL,
  `codigo` varchar(30) NOT NULL,
  `situacao` enum('A','I') NOT NULL
) ENGINE=InnoDB DEFAULT CHARSET=utf8 ROW_FORMAT=COMPACT;

--
-- Fazendo dump de dados para tabela `tb_itens`
--

INSERT INTO `tb_itens` (`id`, `nome_item`, `codigo`, `situacao`) VALUES
(4065, 'VEICULO ADMINISTRATIVO STANDARD 5 PESSOAS', '100000056', 'A'),
(4066, 'VEICULO ADMINISTRATIVO TIPO PICK-UP', '100000060', 'A'),
(4067, 'PLAINA DESEMPENADEIRA', '100000130', 'A'),
(4068, 'MAQUINA DE SOLDA ELETRICA', '100000179', 'A'),
(4069, 'PRENSA HIDRAULICA', '100000187', 'A'),
(4070, 'LAVADORA DE ROUPAS TIPO DOMESTICA', '100000205', 'A'),
(4071, 'LAVADORA DE ROUPAS TIPO INDUSTRIAL', '100000206', 'A'),
(4072, 'SECADORA DE ROUPAS TIPO INDUSTRIAL', '100000208', 'A'),
(4073, 'PASSADORA DE ROUPAS TIPO INDUSTRIAL', '100000209', 'A'),
(4074, 'CALANDRA PARA ROUPAS', '100000210', 'A'),
(4075, 'CENTRIFUGADOR PARA ROUPAS INDUSTRIAL', '100000212', 'A'),
(4076, 'CALANDRA DE ROUPAS INDUSTRIAL', '100000214', 'A'),
(4077, 'MAQUINA DE CORTAR TECIDOS', '100000220', 'A'),
(4078, 'MAQUINA DE COSTURA INDUSTRIAL', '100000221', 'A'),
(4079, 'MAQUINA SELADORA PARA PLASTICO', '100000227', 'A'),
(4080, 'LAVATORIO PARA CABELO TIPO POLTRONA', '100000228', 'A'),
(4081, 'SECADOR DE CABELO', '100000231', 'A'),
(4082, 'CADEIRA DE CABELEREIRO', '100000234', 'A'),
(4083, 'MAQUINA PARA CORTAR CABELO', '100000237', 'A'),
(4084, 'GUILHOTINA INDUSTRIAL PARA PAPEL', '100000258', 'A'),
(4085, 'PULVERIZADOR MANUAL', '100000283', 'A'),
(4086, 'APARADOR DE GRAMA ELETRICO', '100000322', 'A'),
(4087, 'ROCADEIRA MANUAL', '100000324', 'A'),
(4088, 'ROCADEIRA LATERAL MANUAL', '100000325', 'A'),
(4089, 'CORTADOR DE GRAMA', '100000333', 'A'),
(4090, 'CARRO DE MAO', '100000340', 'A'),
(4091, 'CARRO TIPO PLATAFORMA', '100000341', 'A'),
(4092, 'CARRO PARA LIMPEZA', '100000343', 'A'),
(4093, 'CARRO AUXILIAR', '100000346', 'A'),
(4094, 'CARRO ARMAZEM', '100000349', 'A'),
(4095, 'CARRO PARA TRANSPORTE DE ROUPA', '100000355', 'A'),
(4097, 'CARRINHO COLETOR PARA LIXO', '100000366', 'A'),
(4098, 'CONTAINER PARA LIXO', '100000367', 'A'),
(4099, 'ARGAMASSADEIRA SOBRE CARRINHO', '100000389', 'A'),
(4100, 'BEBEDOURO DE AGUA DE PRESSAO', '100000447', 'A'),
(4101, 'BEBEDOURO DE AGUA TIPO GARRAFAO', '100000448', 'A'),
(4102, 'CAMARA FRIGORIFICA', '100000449', 'A'),
(4103, 'CAMARA DE RESFRIAMENTO', '100000450', 'A'),
(4104, 'CAMARA DE CONGELADOS', '100000451', 'A'),
(4105, 'CONJUNTO FRIGORIFICO PARA CAMARA', '100000453', 'A'),
(4106, 'FREEZER HORIZONTAL', '100000454', 'A'),
(4107, 'FREEZER VERTICAL', '100000455', 'A'),
(4108, 'REFRIGERADOR TIPO COMERCIAL', '100000456', 'A'),
(4109, 'REFRIGERADOR TIPO FRIGOBAR', '100000457', 'A'),
(4110, 'REFRIGERADOR TIPO RESIDENCIAL', '100000458', 'A'),
(4111, 'REFRIGERADOR HOSPITALAR VERTICAL', '100000465', 'A'),
(4112, 'CONDICIONADOR DE AR DE PAREDE', '100000471', 'A'),
(4113, 'CONDICIONADOR DE AR DE TETO - SPLIT', '100000474', 'A'),
(4114, 'CONDICIONADOR DE AR DE PAREDE - TIPO SPLIT', '100000476', 'A'),
(4115, 'CONDICIONADOR DE AR TIPO SPLIT', '100000477', 'A'),
(4116, 'EXAUSTOR DE PAREDE', '100000487', 'A'),
(4117, 'EXAUSTOR DE AR DE TETO', '100000489', 'A'),
(4118, 'VENTILADOR DE COLUNA', '100000491', 'A'),
(4119, 'VENTILADOR DE TETO', '100000493', 'A'),
(4120, 'VENTILADOR DE PAREDE', '100000494', 'A'),
(4121, 'VENTILADOR DE TORRE', '100000495', 'A'),
(4122, 'EXAUSTOR DE COZINHA TIPO INDUSTRIAL', '100000496', 'A'),
(4123, 'COMPRESSOR DE ALTA PRESSAO', '100000513', 'A'),
(4124, 'DETECTOR DE METAIS', '100000517', 'A'),
(4125, 'EXAUSTOR DE FUMACA', '100000538', 'A'),
(4126, 'COMPRESSOR DE AR', '100000539', 'A'),
(4127, 'BOMBA CENTRIFUGA', '100000544', 'A'),
(4128, 'BOMBA DAGUA', '100000546', 'A'),
(4129, 'AQUECEDOR DE AGUA ELETRICO', '100000565', 'A'),
(4130, 'PURIFICADOR DE AGUA', '100000577', 'A'),
(4131, 'LAVADORA DE ALTA PRESSAO', '100000605', 'A'),
(4132, 'ESMERILHADEIRA PORTATIL', '100000632', 'A'),
(4133, 'FURADEIRA INDUSTRIAL', '100000635', 'A'),
(4134, 'LIXADEIRA PORTATIL', '100000637', 'A'),
(4135, 'SERRA CIRCULAR', '100000642', 'A'),
(4136, 'SERRA TICO-TICO PORTATIL', '100000643', 'A'),
(4137, 'SERRA TICO-TICO MANUAL', '100000647', 'A'),
(4138, 'MAQUINA DE FURAR', '100000651', 'A'),
(4139, 'MAQUINA MOTOSERRA', '100000652', 'A'),
(4140, 'ESCADA DE ABRIR', '100000722', 'A'),
(4141, 'ESCADINHA EM ACO', '100000726', 'A'),
(4142, 'APARELHO TELEFONICO KS', '100000731', 'A'),
(4143, 'APARELHO TELEFONICO SEM FIO', '100000733', 'A'),
(4144, 'APARELHO TELEFONICO DIGITAL', '100000737', 'A'),
(4145, 'CENTRAL TELEFONICA', '100000738', 'A'),
(4146, 'CENTRAL PABX', '100000745', 'A'),
(4147, 'BLOQUEADOR DE LINHA TELEFONICA', '100000763', 'A'),
(4148, 'FAC-SIMILES', '100000766', 'A'),
(4149, 'RADIO TRANSMISSOR/RECEPTOR', '100000767', 'A'),
(4150, 'RADIO TRANSCEPTOR MOVEL', '100000768', 'A'),
(4151, 'RADIO TRANSCEPTOR PORTATIL', '100000769', 'A'),
(4152, 'RADIO TRANSCEPTOR FIXO', '100000772', 'A'),
(4153, 'MONITOR DE CAMERA DE VIDEO', '100000823', 'A'),
(4154, 'CAIXA ACUSTICA', '100000832', 'A'),
(4155, 'CAIXA AMPLIFICADA', '100000833', 'A'),
(4156, 'INTERFONE DE MESA', '100000835', 'A'),
(4157, 'APARELHO DE SOM', '100000865', 'A'),
(4158, 'GRAVADOR MINI', '100000896', 'A'),
(4159, 'FILMADORA PORTATIL', '100000904', 'A'),
(4160, 'MICROFONE SEM FIO', '100001059', 'A'),
(4161, 'ANTENA COLINEAR', '100001072', 'A'),
(4162, 'ESTABILIZADOR DE VOLTAGEM', '100001087', 'A'),
(4163, 'ESTABILIZADOR TIPO NO BREAK', '100001088', 'A'),
(4164, 'GRUPO GERADOR DIESEL', '100001102', 'A'),
(4165, 'GERADOR DE ENERGIA', '100001105', 'A'),
(4166, 'TRANSFORMADOR DE REDE ELETRICA', '100001109', 'A'),
(4167, 'CARREGADOR DE BATERIA', '100001113', 'A'),
(4168, 'FONTE DE ALIMENTACAO', '100001115', 'A'),
(4169, 'TRANSFORMADOR DE VOLTAGEM', '100001118', 'A'),
(4170, 'BATERIA PARA NOBREAK', '100001129', 'A'),
(4171, 'SISTEMA DE ALARME', '100001166', 'A'),
(4172, 'SIRENE ELETRONICA', '100001170', 'A'),
(4173, 'CENTRAL DE ALARME CONTRA INCENDIO', '100001178', 'A'),
(4174, 'TECLADO DE CONTROLE PARA SISTEMA DE SEGURANCA', '100001179', 'A'),
(4175, 'LENTE PARA SISTEMA DE SEGURANCA AUTO-IRIS', '100001180', 'A'),
(4176, 'MONITOR PARA SISTEMA DE SEGURANCA COLORIDO', '100001181', 'A'),
(4177, 'MULTIPLEXADOR DE VIDEO PARA SISTEMA DE SEGURANCA', '100001182', 'A'),
(4178, 'DETECTOR DE METAL PARA SISTEMA DE SEGURANCA', '100001183', 'A'),
(4179, 'PAINEL DE CONTROLE PARA SISTEMA DE SEGURANCA', '100001184', 'A'),
(4180, 'MATRIZ DE VIDEO PARA SISTEMA DE SEGURANCA', '100001185', 'A'),
(4181, 'SENSOR SISMICO PARA SISTEMA DE SEGURANCA', '100001186', 'A'),
(4182, 'CAMERA PARA SISTEMA DE SEGURANCA', '100001187', 'A'),
(4183, 'CAIXA DE PROTECAO PARA SISTEMA DE SEGURANCA', '100001188', 'A'),
(4184, 'APARELHO DESFIBRILADOR', '100001204', 'A'),
(4185, 'APARELHO ELETROCARDIOGRAFO', '100001207', 'A'),
(4186, 'APARELHO ESTETOSCOPIO', '100001210', 'A'),
(4187, 'APARELHO GLICOSIMETRO', '100001213', 'A'),
(4188, 'APARELHO LARINGOSCOPIO', '100001215', 'A'),
(4189, 'APARELHO NEGATOSCOPIO', '100001216', 'A'),
(4190, 'APARELHO OTOSCOPIO', '100001217', 'A'),
(4191, 'APARELHO OXIMETRO', '100001218', 'A'),
(4192, 'APARELHO SONAR', '100001258', 'A'),
(4193, 'BISTURI ELETRICO', '100001290', 'A'),
(4194, 'FOCO CIRURGICO AUXILIAR', '100001339', 'A'),
(4195, 'ASPIRADOR CIRURGICO', '100001345', 'A'),
(4196, 'APARELHO TERMONEBULIZADOR', '100001424', 'A'),
(4197, 'DESFIBRILADOR COM MONITOR DE ECG', '100001501', 'A'),
(4198, 'AUTOCLAVE VERTICAL', '100001517', 'A'),
(4199, 'AUTOCLAVE HORIZONTAL', '100001518', 'A'),
(4200, 'OXIMETRO DE PULSO', '100001532', 'A'),
(4201, 'APARELHO AMALGAMADOR', '100001553', 'A'),
(4202, 'APARELHO SUGADOR DE SALIVA', '100001554', 'A'),
(4203, 'EQUIPO ODONTOLOGICO', '100001559', 'A'),
(4204, 'MOCHO EM ACO INOX', '100001560', 'A'),
(4205, 'MOCHO EM COURVIM', '100001561', 'A'),
(4206, 'CUSPIDEIRA EM ACO INOX', '100001563', 'A'),
(4207, 'CADEIRA ODONTOLOGICA', '100001564', 'A'),
(4208, 'POLTRONA ODONTOLOGICA', '100001568', 'A'),
(4209, 'COMPRESSOR DE AR ODONTOLOGICO', '100001569', 'A'),
(4210, 'CONJUNTO ODONTOLOGICO', '100001570', 'A'),
(4211, 'FOCO ODONTOLOGICO', '100001571', 'A'),
(4212, 'TURBINA ODONTOLOGICA', '100001572', 'A'),
(4213, 'MICROMOTOR', '100001574', 'A'),
(4214, 'UNIDADE AUXILIAR ODONTOLOGICA', '100001576', 'A'),
(4215, 'CONTRA ANGULO ODONTOLOGICO', '100001577', 'A'),
(4216, 'AUTOCLAVE USO ODONTOLOGICO HORIZONTAL', '100001579', 'A'),
(4217, 'APARELHO DE RAIO X', '100001580', 'A'),
(4218, 'MESA PARA EXAME DE RAIO-X', '100001583', 'A'),
(4219, 'AVENTAL DE CHUMBO', '100001588', 'A'),
(4220, 'COLETE DE CHUMBO', '100001597', 'A'),
(4221, 'ANDADOR EM ACO', '100001608', 'A'),
(4222, 'ARMARIO HOSPITALAR TIPO VITRINE', '100001609', 'A'),
(4223, 'BALANCA ANTROPOMETRICA', '100001612', 'A'),
(4224, 'CADEIRA DE RODAS', '100001616', 'A'),
(4225, 'CADEIRA PARA BANHO', '100001618', 'A'),
(4226, 'CAMA HOSPITALAR', '100001628', 'A'),
(4227, 'CAMA PARA CONSULTA', '100001630', 'A'),
(4228, 'CARRO DE CURATIVO', '100001634', 'A'),
(4229, 'CARRO DE EMERGENCIA', '100001637', 'A'),
(4230, 'CARRO PARA COLETA DE ROUPA SUJA', '100001648', 'A'),
(4231, 'CARRO TIPO PLATAFORMA PARA ALMOXARIFADO', '100001650', 'A'),
(4232, 'CARRO PARA TRANSPORTE DE ROUPA SECA', '100001652', 'A'),
(4233, 'MACA HOSPITALAR', '100001655', 'A'),
(4234, 'MESA HOSPITALAR AUXILIAR', '100001658', 'A'),
(4235, 'MESA PARA CONSULTORIO', '100001662', 'A'),
(4236, 'MESA GINECOLOGICA', '100001667', 'A'),
(4237, 'MESA HOSPITALAR PARA EXAME GINECOLOGICO', '100001674', 'A'),
(4238, 'MESA DE MAYO', '100001676', 'A'),
(4239, 'MESA HOSPITALAR', '100001678', 'A'),
(4240, 'REFLETOR PARA ANALISE CLINICA', '100001680', 'A'),
(4241, 'REFLETOR USO HOSPITALAR', '100001682', 'A'),
(4242, 'SUPORTE PARA BRACO', '100001684', 'A'),
(4243, 'SUPORTE PARA SORO', '100001685', 'A'),
(4244, 'ESCADA COM 02 DEGRAUS', '100001692', 'A'),
(4245, 'BIOMBO HOSPITALAR', '100001694', 'A'),
(4246, 'FOCO DE LUZ', '100001715', 'A'),
(4247, 'FOCO CIRURGICO', '100001716', 'A'),
(4248, 'PIA EM ACO INOX', '100001721', 'A'),
(4249, 'PIA EM ACO', '100001722', 'A'),
(4250, 'BANQUETA GIRATORIA', '100001789', 'A'),
(4251, 'APARELHO OFTALMOSCOPIO', '100001798', 'A'),
(4252, 'BOMBA DE INFUSAO', '100001940', 'A'),
(4253, 'DESTILADOR DE AGUA', '100001953', 'A'),
(4254, 'ESTUFA DE ESTERILIZACAO E SECAGEM', '100001954', 'A'),
(4255, 'APARELHO FOTOPOLIMERIZADOR', '100001978', 'A'),
(4256, 'COIFA', '100002193', 'A'),
(4257, 'RELOGIO DE PONTO DIGITAL', '100002221', 'A'),
(4258, 'RELOGIO DE PONTO MANUAL', '100002222', 'A'),
(4259, 'BALANCA DE PLATAFORMA', '100002269', 'A'),
(4260, 'BALANCA DIGITAL', '100002274', 'A'),
(4261, 'BALANCA ELETRONICA', '100002275', 'A'),
(4262, 'BALANCA ELETRONICA DIGITAL', '100002276', 'A'),
(4263, 'BALANCA MECANICA', '100002277', 'A'),
(4264, 'BALANCA DE PRECISAO', '100002279', 'A'),
(4265, 'CAMARA DE TV CIRCUITO INTERNO', '100002323', 'A'),
(4266, 'TRIPE PARA MAQUINA CINEMATOGRAFICA', '100002328', 'A'),
(4267, 'CAMERA FOTOGRAFICA', '100002330', 'A'),
(4268, 'CAMARA FOTOGRAFICA DIGITAL', '100002332', 'A'),
(4269, 'PROJETOR DE MULTIMIDIA', '100002347', 'A'),
(4270, 'RETROPROJETOR PORTATIL', '100002352', 'A'),
(4271, 'RETROPROJETOR DE TRANSPARENCIA', '100002354', 'A'),
(4272, 'TELA PARA PROJECAO', '100002357', 'A'),
(4273, 'SISTEMA DE PROJECAO DE IMAGEM A PARTIR DE RAIO X', '100002364', 'A'),
(4274, 'SWITCHER', '100002410', 'A'),
(4275, 'TRIPE PARA MAQUINA FOTOGRAFICA', '100002414', 'A'),
(4276, 'ESTEIRA TRANSPORTADORA DIDATICO', '100002514', 'A'),
(4277, 'MICROCOMPUTADOR PENTIUM', '100002538', 'A'),
(4278, 'MICROCOMPUTADOR CELERON', '100002541', 'A'),
(4279, 'MICROCOMPUTADOR PROCESSADOR', '100002542', 'A'),
(4280, 'MICROCOMPUTADOR TIPO DESKTOP BASICO', '100002544', 'A'),
(4281, 'MICROCOMPUTADOR TIPO SERVIDOR', '100002551', 'A'),
(4282, 'IMPRESSORA MATRICIAL', '100002574', 'A'),
(4283, 'MONITOR DE VIDEO COLORIDO', '100002586', 'A'),
(4284, 'SCANNER DE MESA', '100002589', 'A'),
(4285, 'SWITCH COM 24 PORTAS', '100002605', 'A'),
(4286, 'MONITOR DE SERVICO', '100002613', 'A'),
(4287, 'LOUSA ELETRONICA', '100002653', 'A'),
(4288, 'IMPRESSORA LASER', '100002655', 'A'),
(4289, 'IMPRESSORA JATO DE TINTA', '100002656', 'A'),
(4290, 'SWITCH COM 12 PORTAS', '100002662', 'A'),
(4291, 'ARMARIO PARA COPA E COZINHA', '100002734', 'A'),
(4292, 'ARMARIO DE PAREDE PARA COZINHA', '100002735', 'A'),
(4293, 'ARMARIO GUARDA-ROUPA EM MADEIRA', '100002736', 'A'),
(4294, 'ARMARIO GUARDA-ROUPA EM ACO', '100002737', 'A'),
(4295, 'BICAMA EM METAL', '100002741', 'A'),
(4296, 'CADEIRA PARA COPA E COZINHA', '100002747', 'A'),
(4297, 'CADEIRA PARA VARANDA E JARDIM', '100002749', 'A'),
(4298, 'CAMA DE SOLTEIRO', '100002751', 'A'),
(4299, 'CAMA TIPO BELICHE', '100002752', 'A'),
(4300, 'CAMA TIPO BELICHE EM ACO', '100002753', 'A'),
(4301, 'GUARDA ROUPA EM ACO PARA VESTUARIO', '100002761', 'A'),
(4302, 'GUARDA ROUPA EM ACO', '100002764', 'A'),
(4303, 'MESA PARA VARANDA E JARDIM', '100002767', 'A'),
(4304, 'MESA EM PLASTICO', '100002768', 'A'),
(4305, 'MESA PARA REFEITORIO', '100002769', 'A'),
(4306, 'MESA DE CENTRO EM MADEIRA', '100002770', 'A'),
(4307, 'MESA DE CENTRO EM MARMORE', '100002771', 'A'),
(4308, 'MESA DE CENTRO EM VIDRO', '100002775', 'A'),
(4309, 'MESA DE USO DIVERSO EM ACO', '100002779', 'A'),
(4310, 'MESA DE USO DIVERSO EM MADEIRA', '100002780', 'A'),
(4311, 'MESA DE USO DIVERSO EM PLASTICO', '100002781', 'A'),
(4312, 'MESA LATERAL EM MADEIRA', '100002782', 'A'),
(4313, 'MESA LATERAL EM METAL', '100002784', 'A'),
(4314, 'POLTRONA PARA CONJUNTO ESTOFADO EM COURVIM', '100002790', 'A'),
(4315, 'POLTRONA TIPO MODULO EM COURVIM', '100002793', 'A'),
(4316, 'SOFA EM COURVIM', '100002800', 'A'),
(4317, 'SOFA EM TECIDO', '100002801', 'A'),
(4318, 'SOFA EM COURO', '100002804', 'A'),
(4319, 'SUPORTE PARA TV', '100002810', 'A'),
(4320, 'BELICHE EM METAL', '100002822', 'A'),
(4321, 'BELICHE EM MADEIRA', '100002823', 'A'),
(4322, 'ARMARIO MEDIO EM MADEIRA', '100002824', 'A'),
(4323, 'ARMARIO MEDIO EM AÇO', '100002825', 'A'),
(4324, 'PRATELEIRA SUSPENSA', '100002827', 'A'),
(4325, 'ESTANTE EM ACO INOX', '100002836', 'A'),
(4326, 'ARQUIVO EM ACO COM 02 GAVETAS', '100002839', 'A'),
(4327, 'ARQUIVO EM ACO COM 03 GAVETAS', '100002840', 'A'),
(4328, 'ARQUIVO EM ACO COM 04 GAVETAS', '100002841', 'A'),
(4329, 'ARQUIVO EM ACO COM 06 GAVETAS', '100002843', 'A'),
(4330, 'ARQUIVO EM ACO COM 07 GAVETAS', '100002844', 'A'),
(4331, 'ARQUIVO EM ACO SOBRE CARRINHO', '100002845', 'A'),
(4332, 'ARQUIVO EM ACO COM 08 GAVETAS', '100002848', 'A'),
(4333, 'ARQUIVO EM MADEIRA COM 02 GAVETAS', '100002850', 'A'),
(4334, 'ARQUIVO EM MADEIRA COM 04 GAVETAS', '100002852', 'A'),
(4335, 'BANQUETA EM ACO', '100002864', 'A'),
(4336, 'CADEIRA ALTA TIPO CAIXA EM COURVIM', '100002868', 'A'),
(4337, 'CADEIRA ALTA TIPO CAIXA EM TECIDO', '100002872', 'A'),
(4338, 'CADEIRA FIXA EM COURVIM', '100002873', 'A'),
(4339, 'CADEIRA FIXA EM MADEIRA', '100002874', 'A'),
(4340, 'CADEIRA FIXA EM PLASTICO', '100002876', 'A'),
(4341, 'CADEIRA FIXA EM TECIDO', '100002877', 'A'),
(4342, 'CADEIRA FIXA EM METAL', '100002878', 'A'),
(4343, 'CADEIRA FIXA EM VINIL', '100002881', 'A'),
(4344, 'CADEIRA GIRATORIA EM COURVIM', '100002882', 'A'),
(4345, 'CADEIRA GIRATORIA EM TECIDO', '100002885', 'A'),
(4346, 'CADEIRA GIRATORIA EM MADEIRA', '100002886', 'A'),
(4347, 'CADEIRA GIRATORIA  EM VINIL', '100002887', 'A'),
(4348, 'COFRE EM ACO DE CHAO', '100002896', 'A'),
(4349, 'FICHARIO EM ACO', '100002906', 'A'),
(4350, 'FICHARIO EM MADEIRA', '100002908', 'A'),
(4351, 'MESA PARA ESCRITORIO EM METAL', '100002913', 'A'),
(4352, 'MESA PARA ESCRITORIO EM MADEIRA', '100002914', 'A'),
(4353, 'MESA PARA ESCRITORIO CONJUGADA COM MESA AUXILIAR E CONEXAO', '100002917', 'A'),
(4354, 'MESA PARA MAQUINA DE ESCREVER EM ACO', '100002918', 'A'),
(4355, 'MESA PARA MAQUINA DE ESCREVER EM MADEIRA', '100002919', 'A'),
(4356, 'MESA PARA REUNIAO  EM MADEIRA', '100002920', 'A'),
(4357, 'MESA PARA REUNIAO  EM METAL', '100002921', 'A'),
(4358, 'MESA PARA REUNIAO  EM MARMORE', '100002922', 'A'),
(4359, 'MESA PARA TELEFONE EM METAL', '100002924', 'A'),
(4360, 'MESA PARA TELEFONE EM MADEIRA', '100002925', 'A'),
(4361, 'POLTRONA FIXA EM COURVIM', '100002927', 'A'),
(4362, 'POLTRONA FIXA EM TECIDO', '100002930', 'A'),
(4363, 'POLTRONA FIXA EM MADEIRA', '100002931', 'A'),
(4364, 'POLTRONA FIXA ESPALDAR MEDIO EM TECIDO', '100002932', 'A'),
(4365, 'POLTRONA GIRATORIA EM COURVIM', '100002934', 'A'),
(4366, 'POLTRONA GIRATORIA EM TECIDO', '100002936', 'A'),
(4367, 'POLTRONA GIRATORIA EM COURO', '100002937', 'A'),
(4368, 'POLTRONA GIRATORIA EM VINIL', '100002940', 'A'),
(4369, 'SUPORTE DE MESA PARA TELEFONE', '100002941', 'A'),
(4370, 'GAVETEIRO EM MADEIRA', '100002943', 'A'),
(4371, 'GAVETEIRO EM METAL', '100002944', 'A'),
(4372, 'GAVETEIRO VOLANTE EM MADEIRA', '100002945', 'A'),
(4373, 'ARQUIVO PARA PASTA SUSPENSA', '100002951', 'A'),
(4374, 'POLTRONA FIXA  ESPALDAR ALTO EM COURVIM', '100002956', 'A'),
(4375, 'POLTRONA FIXA  ESPALDAR ALTO EM TECIDO', '100002959', 'A'),
(4376, 'POLTRONA GIRATORIA  ESPALDAR ALTO EM COURVIM', '100002961', 'A'),
(4377, 'POLTRONA GIRATORIA  ESPALDAR ALTO EM TECIDO', '100002963', 'A'),
(4378, 'POLTRONA GIRATORIA  ESPALDAR MEDIO EM TECIDO', '100002964', 'A'),
(4379, 'POLTRONA GIRATORIA  ESPALDAR MEDIO EM COURVIM', '100002965', 'A'),
(4380, 'MESA PARA MICRO/TERMINAL DE COMPUTADOR', '100002970', 'A'),
(4381, 'MESA PARA IMPRESSORA', '100002971', 'A'),
(4382, 'MESA CONEXAO', '100002974', 'A'),
(4383, 'MESA ESCRITURARIO', '100002976', 'A'),
(4384, 'MESA AUXILIAR', '100002985', 'A'),
(4385, 'ARMARIO ESTANTE', '100002989', 'A'),
(4386, 'ARMARIO EM ACO', '100002991', 'A'),
(4387, 'LONGARINA COM 03 LUGARES', '100002994', 'A'),
(4388, 'LONGARINA COM 02 LUGARES', '100002995', 'A'),
(4389, 'LONGARINA COM 04 LUGARES', '100002996', 'A'),
(4390, 'LONGARINA COM 05 LUGARES', '100002997', 'A'),
(4391, 'ARMARIO ALTO EM ACO', '100003006', 'A'),
(4392, 'ARMARIO ALTO EM MADEIRA', '100003007', 'A'),
(4393, 'ARMARIO ALTO TIPO ESTANTE', '100003008', 'A'),
(4394, 'ARMARIO ALTO TIPO ESTANTE EM MADEIRA', '100003009', 'A'),
(4395, 'ARMARIO BAIXO EM ACO', '100003010', 'A'),
(4396, 'ARMARIO BAIXO EM MADEIRA', '100003011', 'A'),
(4397, 'ESTANTE EM ACO', '100003016', 'A'),
(4398, 'ESTANTE EM MADEIRA', '100003017', 'A'),
(4399, 'MESA PARA FAX EM MADEIRA', '100003030', 'A'),
(4400, 'MESA DE TRABALHO FORMATO EM L', '100003039', 'A'),
(4401, 'MESA DE TRABALHO COM 03 GAVETAS', '100003040', 'A'),
(4402, 'MESA DE TRABALHO EM MADEIRA', '100003041', 'A'),
(4403, 'MESA ESTAÇÃO DE TRABALHO', '100003047', 'A'),
(4404, 'MESA DE CANTO', '100003048', 'A'),
(4405, 'ARMARIO ESTANTE EM MADEIRA', '100003057', 'A'),
(4406, 'MESA DE CENTRO EM GRANITO', '100003062', 'A'),
(4407, 'SOFA EM MADEIRA', '100003063', 'A'),
(4408, 'CREDENZA EM MADEIRA', '100003067', 'A'),
(4409, 'ESTANTE EM ACO COM 06 PRATELEIRAS', '100003071', 'A'),
(4410, 'BALCAO EM ACO', '100003075', 'A'),
(4411, 'BALCAO EM MADEIRA', '100003076', 'A'),
(4412, 'BANCADA DE TRABALHO EM ACO', '100003080', 'A'),
(4413, 'BANCADA DE TRABALHO EM MADEIRA', '100003081', 'A'),
(4414, 'CADEIRA UNIVERSITARIA', '100003084', 'A'),
(4415, 'CADEIRA ESCOLAR', '100003085', 'A'),
(4416, 'CAVALETE PARA FLIP CHART', '100003092', 'A'),
(4417, 'QUADRO BRANCO', '100003104', 'A'),
(4418, 'QUADRO DE AVISO', '100003105', 'A'),
(4419, 'MURAL EM MADEIRA', '100003125', 'A'),
(4420, 'MODULO ARMARIO PARA ESCRITORIO', '100003132', 'A'),
(4421, 'CLAVICULARIO EM ACO', '100003157', 'A'),
(4422, 'BALDE A PEDAL EM ACO INOX', '100003168', 'A'),
(4423, 'CARRO COLETOR', '100003171', 'A'),
(4424, 'ELIMINADOR DE MOSCAS', '100003173', 'A'),
(4425, 'FERRO DE PASSAR ROUPA AUTOMATICO', '100003174', 'A'),
(4426, 'MAQUINA DE COSTURA TIPO INDUSTRIAL', '100003176', 'A'),
(4427, 'TABUA DE PASSA ROUPA', '100003179', 'A'),
(4428, 'ESCADA EM ALUMINIO', '100003183', 'A'),
(4429, 'CARRO P/DISTRIBUICAO DE ALIMENTOS', '100003187', 'A'),
(4430, 'FOGAO TIPO CAMPING', '100003190', 'A'),
(4431, 'FOGAO TIPO INDUSTRIAL', '100003191', 'A'),
(4432, 'FOGAO TIPO RESIDENCIAL', '100003192', 'A'),
(4433, 'FORNO DE MICROONDAS', '100003194', 'A'),
(4434, 'FORNO TIPO INDUSTRIAL', '100003196', 'A'),
(4435, 'FORNO ELETRICO TIPO INDUSTRIAL', '100003197', 'A'),
(4436, 'FORNO ELETRICO TIPO DOMESTICO', '100003198', 'A'),
(4437, 'FRITADEIRA TIPO INDUSTRIAL', '100003200', 'A'),
(4438, 'REFRESQUEIRA ELETRICA', '100003201', 'A'),
(4439, 'REFRESQUEIRA COMERCIAL', '100003202', 'A'),
(4440, 'ESTUFA PARA ALIMENTOS ELETRICA', '100003210', 'A'),
(4441, 'BALCAO TERMICO', '100003211', 'A'),
(4442, 'CAFETEIRA ELETRICA INDUSTRIAL', '100003217', 'A'),
(4443, 'ESTUFA NEUTRA', '100003221', 'A'),
(4444, 'ESTUFA PARA DISTRIBUICAO DE ALIMENTOS', '100003223', 'A'),
(4445, 'CAFETEIRA PARA CAFE EXPRESSO', '100003228', 'A'),
(4446, 'AUTOCLAVE PARA COCCAO', '100003229', 'A'),
(4447, 'AMACIADOR DE BIFE ELETRICO', '100003231', 'A'),
(4448, 'BATEDEIRA DE BOLO TIPO INDUSTRIAL', '100003233', 'A'),
(4449, 'LAVADORA DE LOUCAS TIPO INDUSTRIAL', '100003243', 'A'),
(4450, 'LIQUIDIFICADOR TIPO INDUSTRIAL', '100003244', 'A'),
(4451, 'DESCASCADOR DE LEGUMES INDUSTRIAL', '100003253', 'A'),
(4452, 'MODELADOR DE MESA ELETRICO PARA MASSAS', '100003255', 'A'),
(4453, 'CILINDRO PARA MASSAS', '100003258', 'A'),
(4454, 'ARMARIO PARA FERMENTACAO DE MASSAS', '100003259', 'A'),
(4455, 'BATEDEIRA PLANETARIA ELETRICA', '100003266', 'A'),
(4456, 'CALDEIRAO EM ACO INOX', '100003268', 'A'),
(4457, 'CUBA EM ACO INOX', '100003269', 'A'),
(4458, 'PANELA DE PRESSAO INDUSTRIAL', '100003274', 'A'),
(4459, 'CORTADOR DE LEGUMES MANUAL', '100003276', 'A'),
(4460, 'DESCASCADOR DE BATATAS INOXIDAVEL', '100003278', 'A'),
(4461, 'ESPREMEDOR DE FRUTAS', '100003282', 'A'),
(4462, 'BANDEJA EM ACO INOX', '100003288', 'A'),
(4463, 'CALCULADORA DIGITAL', '100003304', 'A'),
(4464, 'MAQUINA DE ESCREVER MECANICA', '100003308', 'A'),
(4465, 'MAQUINA DE ESCREVER ELETRICA', '100003309', 'A'),
(4466, 'PLASTIFICADORA DE DOCUMENTOS', '100003334', 'A'),
(4467, 'LIVRO', '100003360', 'A'),
(4468, 'CAVAQUINHO EM MADEIRA', '100003372', 'A'),
(4469, 'VIOLAO COM 06 CORDAS', '100003387', 'A'),
(4470, 'TECLADO MUSICAL', '100003388', 'A'),
(4471, 'TIMBAL  MUSICAL', '100003392', 'A'),
(4472, 'PANDEIRO MUSICAL', '100003393', 'A'),
(4473, 'ATABAQUE', '100003397', 'A'),
(4474, 'RECO RECO', '100003405', 'A'),
(4475, 'BERIMBAU', '100003412', 'A'),
(4476, 'TRIANGULO MUSICAL NIQUELADO', '100003429', 'A'),
(4477, 'TELEVISOR EM CORES', '100003447', 'A'),
(4478, 'APARELHO DE MICRO SYSTEM', '100003453', 'A'),
(4479, 'APARELHO DE VIDEO CASSETE', '100003455', 'A'),
(4480, 'APARELHO DE DVD', '100003458', 'A'),
(4481, 'ESCORREGADOR EM ACO', '100003481', 'A'),
(4482, 'ASPIRADOR DE PO TIPO INDUSTRIAL', '100003520', 'A'),
(4483, 'ENCERADEIRA TIPO DOMESTICA', '100003521', 'A'),
(4484, 'ENCERADEIRA TIPO INDUSTRIAL', '100003522', 'A'),
(4485, 'CILINDRO PARA OXIGENIO', '100003533', 'A'),
(4486, 'ARMARIO ALTO EM ACO COM 02 PORTAS', '100003947', 'A'),
(4487, 'ARMARIO EM ACO COM 02 PORTAS', '100003952', 'A'),
(4488, 'CADEIRA FIXA', '100004008', 'A'),
(4489, 'CADEIRA GIRATORIA EM CORVIM', '100004013', 'A'),
(4490, 'ESTANTE DE ACO', '100004152', 'A'),
(4491, 'PIA EM INOX TIPO LAVANDERIA', '100004576', 'A'),
(4492, 'PIA-ESTRUTURA METALICA-UMA CUBA', '100005928', 'A'),
(4493, 'ARMARIO ALTO COM 02 PORTAS', '100006176', 'A'),
(4494, 'ARMARIO ACO 02 PORTAS', '100007612', 'A'),
(4495, 'MESA DE TRABALHO', '100007670', 'A'),
(4496, 'ARQUIVO ACO 04 GAVETAS', '100007765', 'A'),
(4497, 'ARQUIVO EM ACO', '100007775', 'A'),
(4498, 'ARMARIO EM ACO C/02 PORTAS', '100007815', 'A'),
(4499, 'EXTRATOR CENTRIFUGO INDUSTRIAL', '100008923', 'A'),
(4500, 'MASCARA FACIAL', '100008925', 'A'),
(4501, 'GRAVADOR DIGITAL', '100008931', 'A'),
(4502, 'SWITCH COM 08 PORTAS', '100012794', 'A'),
(4503, 'MICROCAMERA PARA SISTEMA DE SEGURANCA', '100012827', 'A'),
(4504, 'MURAL EM ALUMINIO', '100012833', 'A'),
(4505, 'FOGAO ELETRICO', '100012835', 'A'),
(4506, 'BEBEDOURO DE AGUA TIPO INDUSTRIAL', '100012837', 'A'),
(4507, 'BATERIA PARA SISTEMA DE SEGURANCA', '100012849', 'A'),
(4508, 'MULTIPROCESSADOR DE ALIMENTOS', '100012856', 'A'),
(4509, 'FRAGMENTADORA DE PAPEL, CD ROOM, DISQUETE E CARTAO DE CREDITO', '100012881', 'A'),
(4510, 'ARMARIO TIPO RACK', '100012888', 'A'),
(4511, 'PRATELEIRA INOX', '100012891', 'A'),
(4512, 'PRATELEIRA EM ACO INOX', '100012892', 'A'),
(4513, 'PRATELEIRA TIPO GUICHET EM ACO INOX', '100012893', 'A'),
(4514, 'ESTANTE PARA CAMARA FRIGORIFICA', '100012894', 'A'),
(4515, 'PRATELEIRA SUPERIOR', '100012895', 'A'),
(4516, 'LAVANDERIA MANUAL', '100012897', 'A'),
(4517, 'MONITOR DE VIDEO LCD', '100012904', 'A'),
(4518, 'VEICULO AMBULÂNCIA', '100012942', 'A'),
(4519, 'VEICULO MICROÔNIBUS', '100012948', 'A'),
(4520, 'VEICULO FURGAO', '100012949', 'A'),
(4521, 'VEICULO PASSAGEIRO', '100012952', 'A'),
(4522, 'VEICULO PICK UP', '100012953', 'A'),
(4523, 'TRANSFORMADOR DE FORCA', '100012964', 'A'),
(4524, 'NOBREAK', '100012982', 'A'),
(4525, 'VEICULO CAMINHAO', '100013003', 'A'),
(4526, 'PEDESTAL PARA MICROFONE', '100013095', 'A'),
(4527, 'PLAINA ELETRICA', '100013112', 'A'),
(4528, 'DVR VIDEO MONITORAMENTO DE IMAGENS DIGITAL', '100013150', 'A'),
(4529, 'MAQUINA DE SERRAR MARMORE', '100013159', 'A'),
(4530, 'CAMERA SPEED DOME', '100013176', 'A'),
(4531, 'RACK PADRAO 19 POLEGADAS', '100013184', 'A'),
(4532, 'CONDICIONADOR DE AR DE JANELA', '100013199', 'A'),
(4533, 'MICROCOMPUTADOR TIPO AVANCADO', '100013265', 'A'),
(4534, 'COFRE EM ACO', '100013269', 'A'),
(4535, 'CARRO CACAMBA PARA ROUPA', '100013275', 'A'),
(4536, 'FILMADORA', '100013292', 'A'),
(4537, 'CORTADOR DE LEGUMES ELETRICO', '100013295', 'A'),
(4538, 'ESTUFA DE ESTERELIZACAO', '100013313', 'A'),
(4539, 'BEBEDOURO DE AGUA ELETRICO SUSPENSO', '100013318', 'A'),
(4540, 'DISCO RIGIDO EXTERNO', '100013331', 'A'),
(4541, 'CADEIRA EMPILHAVEL TIPO CONCHA', '100013333', 'A'),
(4542, 'MICROCOMPUTADOR PORTATIL NOTEBOOK', '100013340', 'A'),
(4543, 'IMPRESSORA MULTIFUNCIONAL', '100013346', 'A'),
(4544, 'AGOGO EM ACO CROMADO', '100013354', 'A'),
(4545, 'BALCAO DE ATENDIMENTO', '100013361', 'A'),
(4546, 'SISTEMA DE VIDEO CONFERENCIA', '100013373', 'A'),
(4547, 'DISCO RIGIDO HD', '100013375', 'A'),
(4548, 'MODELADOR DE PAO', '100013377', 'A'),
(4549, 'ESFIGMOMANOMETRO PARA ADULTO', '100021999', 'A'),
(4550, 'MESA RETANGULAR', '100022008', 'A'),
(4551, 'CAMERA INFRA VERMELHO', '100022023', 'A'),
(4552, 'MICROCOMPUTADOR DUAL CORE', '100022099', 'A'),
(4553, 'PATCH PANEL 24 PORTAS', '100022101', 'A'),
(4554, 'MESA EM AÇO', '100022109', 'A'),
(4555, 'MACA FIXA', '100022113', 'A'),
(4556, 'WEB CAM', '100022122', 'A'),
(4557, 'FURADEIRA DE IMPACTO', '100022135', 'A'),
(4558, 'LEITOR BIOMETRICO DE DIGITAIS', '100022146', 'A'),
(4559, 'MICROCOMPUTADOR NETBOOK', '100022149', 'A'),
(4560, 'MAQUINA FRAGMENTADORA', '100022160', 'A'),
(4561, 'CADEIRA OPERACIONAL PARA BANCADA', '100022166', 'A'),
(4562, 'MESA DE APOIO', '100022167', 'A'),
(4563, 'CENTRAL DE VIDEOMONITORAMENTO', '100022175', 'A'),
(4564, 'MAQUINA SELADORA', '100022176', 'A'),
(4565, 'MICROCOMPUTADOR CORE 2 DUO', '100022179', 'A'),
(4566, 'TRANSMISSOR DE TV', '100022200', 'A'),
(4567, 'APARELHO NEBULIZADOR INALADOR', '100022202', 'A'),
(4568, 'LIXEIRA EM ACO INOXIDAVEL', '100022227', 'A'),
(4569, 'SERVIDOR ARMAZENAMENTO', '100022297', 'A'),
(4570, 'MICROCOMPUTADOR ULTRAPORTATIL NETBOOK', '100022303', 'A'),
(4571, 'REPRODUTOR DE SINAIS VIDEO FONICO / DVD', '100022304', 'A'),
(4572, 'CAMERA MINE DOME', '100022317', 'A'),
(4573, 'JOYSTICK', '100022328', 'A'),
(4574, 'BALANCA ELETRICA', '100022371', 'A'),
(4575, 'RACK', '100022401', 'A'),
(4576, 'COLETE BALISTICO', '100022467', 'A'),
(4577, 'MICROCOMPUTADOR TIPO TABLET', '100022469', 'A'),
(4578, 'BEBEDOURO ELETRICO EM INOX', '100022524', 'A'),
(4579, 'BANCO EM MADEIRA', '100022541', 'A'),
(4580, 'MARMITEIRO ELETRICO', '100022696', 'A'),
(4581, 'PORTAL MAGNETICO', '100022729', 'A'),
(4582, 'CHAPA AQUECEDORA', '100022803', 'A'),
(4583, 'CADEIRA EM POLIPROPILENO FIXA SEM BRACOS', '100022806', 'A'),
(4584, 'MICROCOMPUTADOR CORE I7', '100022808', 'A'),
(4585, 'MICROCOMPUTADOR CORE I 3', '100022827', 'A'),
(4586, 'MICROCOMPUTADOR CORE I5', '100022828', 'A'),
(4587, 'TELEVISOR LCD', '100022830', 'A'),
(4588, 'COLETOR DE DADOS INTEGRADOS', '100022853', 'A'),
(4589, 'TELEVISOR DE LED', '100022858', 'A'),
(4590, 'SWITCH ETHERNET', '100022925', 'A'),
(4591, 'POLTRONA GIRATORIA EM COURO ECOLOGICO', '100022926', 'A'),
(4592, 'MESA COM ESTRUTURA EM ALUMINIO', '100022943', 'A'),
(4593, 'APARELHO ADIPOMETRO', '100022981', 'A'),
(4594, 'SOFANETE DE 02 LUGARES', '100023002', 'A'),
(4595, 'SOFANETE DE 03 LUGARES', '100023130', 'A'),
(4596, 'CADEIRA GIRATORIA EM COURO ECOLOGICO', '100023133', 'A'),
(4597, 'BIOMBO DE 3 PANOS', '100023172', 'A'),
(4598, 'GUILHOTINA MANUAL', '100023178', 'A'),
(4599, 'PURIFICADOR DE AGUA POR OSMOSE REVERSA', '100023278', 'A'),
(4600, 'MICROCOMPUTADOR SEM MONITOR', '100023302', 'A'),
(4601, 'CERCA METALICA', '100023307', 'A'),
(4602, 'MESA AUXILIAR EM ACO INOX PARA UNIDADE PRODUTIVA', '100023382', 'A'),
(4603, 'EXAUSTOR DE AR INDUSTRIAL DE PAREDE', '100023397', 'A'),
(4604, 'CARRINHO PARA TRANSPORTE', '100023407', 'A'),
(4605, 'MONITOR DE VIDEO LED', '100023469', 'A'),
(4606, 'CHAPEU CHINES PARA CHAMINE', '100023511', 'A'),
(4607, 'APARELHO SCANNER DE CORPOS PARA EXAME', '100023514', 'A'),
(4608, 'BANCADA DE TRABALHO DE FERRO', '100023527', 'A'),
(4609, 'BANCADA PARA PIA', '100023531', 'A'),
(4610, 'AMASSADEIRA INDUSTRIAL', '100023639', 'A'),
(4611, 'SCANNER DE PAGINA', '100023664', 'A'),
(4612, 'Celular Asus', '100253614', 'A'),
(4613, 'TESTE COMPUTADOR', '1231231', 'A');

-- --------------------------------------------------------

--
-- Estrutura para tabela `tb_movimentacoes`
--

CREATE TABLE `tb_movimentacoes` (
  `id` int(11) NOT NULL,
  `id_setor_antigo` int(11) DEFAULT NULL,
  `id_novo_setor` int(11) DEFAULT NULL,
  `data` datetime DEFAULT NULL,
  `usuario_responsavel` int(11) DEFAULT NULL,
  `id_patrimonio` int(11) DEFAULT NULL,
  `sit_fisica_momento` enum('BOM','INSERVIVEL','REGULAR','PRECARIO') DEFAULT NULL,
  `analisado` enum('S') DEFAULT NULL,
  `id_unidade` int(11) DEFAULT NULL
) ENGINE=InnoDB DEFAULT CHARSET=utf8;

-- --------------------------------------------------------

--
-- Estrutura para tabela `tb_patrimonio`
--

CREATE TABLE `tb_patrimonio` (
  `id` int(11) NOT NULL,
  `num_patrimonio` varchar(9) NOT NULL,
  `patri_antigo` varchar(9) DEFAULT NULL,
  `id_item` int(11) NOT NULL,
  `descricao` text NOT NULL,
  `id_setor` int(11) DEFAULT NULL,
  `id_unidade` int(11) NOT NULL,
  `sit_fisica` enum('BOM','REGULAR','INSERVIVEL','PRECARIO') NOT NULL,
  `data_aquisicao` date NOT NULL,
  `valor_aquisicao` decimal(12,2) NOT NULL,
  `obs` text
) ENGINE=InnoDB DEFAULT CHARSET=utf8;

--
-- Fazendo dump de dados para tabela `tb_patrimonio`
--

INSERT INTO `tb_patrimonio` (`id`, `num_patrimonio`, `patri_antigo`, `id_item`, `descricao`, `id_setor`, `id_unidade`, `sit_fisica`, `data_aquisicao`, `valor_aquisicao`, `obs`) VALUES
(3330, '00000109', NULL, 4115, 'SEAP/SGP. DE PAREDE, 12.000 BTU/H, TENSAO 220V, CONTROLE REMOTO. CODIGO SIMPAS: 41.20.00.00115657-8 - MARCA: RHEEM', NULL, 26, 'BOM', '2011-10-26', '799.95', NULL),
(3331, '00000197', NULL, 4115, 'SEAP/SGP . DE PAREDE , 18000 BTU/H, TENSAO 220 VOLTS, CONTROLE REMOTO. CODIGO SIMPAS: 41.20.00.00115316-1 - MARCA: CONSUL', NULL, 26, 'BOM', '2011-11-23', '1317.00', NULL),
(3332, '00000657', NULL, 4576, 'DEST. DG - NIVEL IIIA, MASCULINO 110 M, 30 P E 120 G. - MARCA BLINTEC\n\n\n\nCOD. SIMPAS 120 G - 84.70.20.00010684-4.\n\n\n\nCOD. SIMPAS 110 M - 84.70.20.00010685-2.\n\n\n\nCOD. SIMPAS 30   P -  84.70.20.00010686-0.', NULL, 26, 'BOM', '2011-12-28', '666.04', NULL),
(3333, '00000658', NULL, 4576, 'DEST. DG - NIVEL IIIA, MASCULINO 110 M, 30 P E 120 G. - MARCA BLINTEC\n\n\n\nCOD. SIMPAS 120 G - 84.70.20.00010684-4.\n\n\n\nCOD. SIMPAS 110 M - 84.70.20.00010685-2.\n\n\n\nCOD. SIMPAS 30   P -  84.70.20.00010686-0.', NULL, 26, 'BOM', '2011-12-28', '666.04', NULL),
(3334, '00000980', NULL, 4128, 'CENTRIFUGA, TRIFASICA , MOTOR DE 2 CV TENSÃO DE 220 / 380 VOLTS\n\n\n\n\n\n\n\n\n\n\n\n\n\n\n\nCOD. SIMPAS 43.20.00.00098667-4 - MARCA: DANCOR', NULL, 26, 'BOM', '2012-03-16', '705.16', NULL),
(3335, '00001176', NULL, 4343, 'SD', NULL, 26, 'REGULAR', '2015-12-09', '120.00', NULL),
(3336, '00003778', NULL, 4521, 'COR: BRANCA - MARCA: FORD - MODELO: FIESTA FLEX - COMBUSTIVEL: ALCOOL/GASOLINA - ANO FABRICACAO: 2010 - ANO MODELO: 2011 - PLACA: NYJ0808 - CHASSI: 9BFZF55A8B8106887 - RENAVAM: 271367830 - Nº DO MOTOR: SM9AB8106887 - ATIVIDADE: SERVICOS ADMINISTRATIVO - UTILIZACAO: PESSOAL VIAGEM (05 passageiros) - UTILIZAÇÃO: ADMINISTRATIVO', NULL, 26, 'BOM', '2013-01-24', '16735.77', NULL),
(3337, '00011730', NULL, 4347, 'SD', NULL, 26, 'BOM', '2013-05-31', '80.18', NULL),
(3338, '00011731', NULL, 4402, 'SD', NULL, 26, 'BOM', '2013-05-31', '165.74', NULL),
(3339, '00011732', NULL, 4392, 'SD', NULL, 26, 'BOM', '2013-05-31', '309.66', NULL),
(3340, '00011733', NULL, 4355, 'SD', NULL, 26, 'BOM', '2013-05-31', '50.00', NULL),
(3341, '00011734', NULL, 4402, 'SD', NULL, 26, 'REGULAR', '2015-12-09', '120.00', NULL),
(3342, '00011735', NULL, 4343, 'SD', NULL, 26, 'BOM', '2013-05-31', '37.97', NULL),
(3343, '00011736', NULL, 4391, 'SD', NULL, 26, 'BOM', '2013-05-31', '100.00', NULL),
(3344, '00011737', NULL, 4101, 'SD', NULL, 26, 'BOM', '2013-05-31', '167.40', NULL),
(3345, '00011738', NULL, 4328, 'SD', NULL, 26, 'BOM', '2013-05-31', '213.15', NULL),
(3346, '00011739', NULL, 4328, 'SD', NULL, 26, 'REGULAR', '2015-12-09', '150.00', NULL),
(3347, '00011740', NULL, 4328, 'SD', NULL, 26, 'BOM', '2013-05-31', '75.00', NULL),
(3348, '00011741', NULL, 4352, 'SD', NULL, 26, 'BOM', '2013-05-31', '138.96', NULL),
(3349, '00011743', NULL, 4533, 'SERIE: 00', NULL, 26, 'BOM', '2013-05-31', '116.54', NULL),
(3350, '00011746', NULL, 4380, 'SD', NULL, 26, 'BOM', '2013-05-31', '50.00', NULL),
(3351, '00011748', NULL, 4380, 'SD', NULL, 26, 'BOM', '2013-05-31', '99.27', NULL),
(3352, '00011750', NULL, 4351, 'SD', NULL, 26, 'BOM', '2013-05-31', '120.00', NULL),
(3353, '00011752', NULL, 4343, 'SD', NULL, 26, 'REGULAR', '2015-12-09', '120.00', NULL),
(3354, '00011753', NULL, 4109, 'SD', NULL, 26, 'BOM', '2013-05-31', '275.86', NULL),
(3355, '00011754', NULL, 4361, 'SD', NULL, 26, 'BOM', '2013-05-31', '20.00', NULL),
(3356, '00011755', NULL, 4402, 'SD', NULL, 26, 'BOM', '2013-05-31', '172.79', NULL),
(3357, '00011760', NULL, 4315, 'SD', NULL, 26, 'BOM', '2013-05-31', '50.00', NULL),
(3358, '00011761', NULL, 4361, 'SD', NULL, 26, 'BOM', '2013-05-31', '20.00', NULL),
(3359, '00011762', NULL, 4384, 'SD', NULL, 26, 'REGULAR', '2015-12-09', '100.00', NULL),
(3360, '00011763', NULL, 4417, 'SD', NULL, 26, 'BOM', '2013-05-31', '107.53', NULL),
(3361, '00011768', NULL, 4112, 'SD', NULL, 26, 'BOM', '2013-05-31', '409.25', NULL),
(3362, '00011771', NULL, 4377, 'SD', NULL, 26, 'BOM', '2013-05-31', '50.00', NULL),
(3363, '00011773', NULL, 4401, 'SD', NULL, 26, 'BOM', '2013-05-31', '37.90', NULL),
(3364, '00011774', NULL, 4151, 'SD', NULL, 26, 'BOM', '2013-05-31', '401.22', NULL),
(3365, '00011775', NULL, 4151, 'SD', NULL, 26, 'BOM', '2013-05-31', '401.22', NULL),
(3366, '00011779', NULL, 4151, 'SD', NULL, 26, 'BOM', '2013-05-31', '401.22', NULL),
(3367, '00011780', NULL, 4151, 'SD', NULL, 26, 'BOM', '2013-05-31', '401.22', NULL),
(3368, '00011781', NULL, 4151, 'SD', NULL, 26, 'BOM', '2013-05-31', '401.22', NULL),
(3369, '00011784', NULL, 4328, 'SD', NULL, 26, 'BOM', '2013-05-31', '75.00', NULL),
(3370, '00011785', NULL, 4328, 'SD', NULL, 26, 'BOM', '2013-05-31', '75.00', NULL),
(3371, '00011786', NULL, 4328, 'SD', NULL, 26, 'BOM', '2013-05-31', '75.00', NULL),
(3372, '00011787', NULL, 4328, 'SD', NULL, 26, 'BOM', '2013-05-31', '213.15', NULL),
(3373, '00011788', NULL, 4328, 'SD', NULL, 26, 'BOM', '2013-05-31', '37.05', NULL),
(3374, '00011789', NULL, 4328, 'SD', NULL, 26, 'BOM', '2013-05-31', '75.00', NULL),
(3375, '00011790', NULL, 4328, 'SD', NULL, 26, 'BOM', '2013-05-31', '79.20', NULL),
(3376, '00011791', NULL, 4328, 'SD', NULL, 26, 'REGULAR', '2015-12-09', '150.00', NULL),
(3377, '00011792', NULL, 4328, 'SD', NULL, 26, 'BOM', '2013-05-31', '79.20', NULL),
(3378, '00011793', NULL, 4328, 'SD', NULL, 26, 'BOM', '2013-05-31', '165.51', NULL),
(3379, '00011796', NULL, 4328, 'SD', NULL, 26, 'BOM', '2013-05-31', '226.21', NULL),
(3380, '00011797', NULL, 4328, 'SD', NULL, 26, 'BOM', '2013-05-31', '79.20', NULL),
(3381, '00011798', NULL, 4328, 'SD', NULL, 26, 'BOM', '2013-05-31', '79.20', NULL),
(3382, '00011799', NULL, 4328, 'SD', NULL, 26, 'REGULAR', '2015-12-09', '150.00', NULL),
(3383, '00011800', NULL, 4269, 'SD', NULL, 26, 'BOM', '2013-05-31', '1095.36', NULL),
(3384, '00011801', NULL, 4328, 'SD', NULL, 26, 'BOM', '2013-05-31', '79.20', NULL),
(3385, '00011802', NULL, 4328, 'SD', NULL, 26, 'BOM', '2013-05-31', '75.00', NULL),
(3386, '00011803', NULL, 4328, 'SD', NULL, 26, 'BOM', '2013-05-31', '75.00', NULL),
(3387, '00011804', NULL, 4328, 'SD', NULL, 26, 'BOM', '2013-05-31', '75.00', NULL),
(3388, '00011805', NULL, 4112, 'SD', NULL, 26, 'REGULAR', '2015-12-09', '500.00', NULL),
(3389, '00011806', NULL, 4277, 'SD', NULL, 26, 'BOM', '2013-05-31', '20.86', NULL),
(3390, '00011809', NULL, 4401, 'SD', NULL, 26, 'BOM', '2013-05-31', '37.90', NULL),
(3391, '00011810', NULL, 4347, 'SD', NULL, 26, 'BOM', '2013-05-31', '25.55', NULL),
(3392, '00011811', NULL, 4381, 'SD', NULL, 26, 'BOM', '2013-05-31', '50.00', NULL),
(3393, '00011815', NULL, 4352, 'SD', NULL, 26, 'BOM', '2013-05-31', '120.00', NULL),
(3394, '00011817', NULL, 4301, 'SD', NULL, 26, 'REGULAR', '2015-12-09', '150.00', NULL),
(3395, '00011818', NULL, 4294, 'SD', NULL, 26, 'BOM', '2013-05-31', '93.12', NULL),
(3396, '00011821', NULL, 4320, 'SD', NULL, 26, 'BOM', '2013-05-31', '60.00', NULL),
(3397, '00011822', NULL, 4320, 'SD', NULL, 26, 'BOM', '2013-05-31', '120.00', NULL),
(3398, '00011823', NULL, 4320, 'SD', NULL, 26, 'BOM', '2013-05-31', '120.00', NULL),
(3399, '00011826', NULL, 4391, 'SD', NULL, 26, 'BOM', '2013-05-31', '166.72', NULL),
(3400, '00011827', NULL, 4328, 'SD', NULL, 26, 'BOM', '2013-05-31', '226.21', NULL),
(3401, '00011828', NULL, 4328, 'SD', NULL, 26, 'BOM', '2013-05-31', '165.51', NULL),
(3402, '00011831', NULL, 4347, 'SD', NULL, 26, 'BOM', '2013-05-31', '25.55', NULL),
(3403, '00011833', NULL, 4380, 'SD', NULL, 26, 'BOM', '2013-05-31', '99.27', NULL),
(3404, '00011834', NULL, 4380, 'SD', NULL, 26, 'BOM', '2013-05-31', '50.00', NULL),
(3405, '00011836', NULL, 4402, 'SD', NULL, 26, 'BOM', '2013-05-31', '165.74', NULL),
(3406, '00011840', NULL, 4391, 'SD', NULL, 26, 'BOM', '2013-05-31', '149.32', NULL),
(3407, '00011853', NULL, 4391, 'SD', NULL, 26, 'BOM', '2013-05-31', '149.32', NULL),
(3408, '00013180', NULL, 4134, 'MÁQUINA LIXADEIRA ANGULAR, CAPACIDADE PARA DISCO DE 7 POLEGADAS, MÍNIMO 1000 WATTS DE POTÊNCIAS, 2000 RPM, EMPUNHADEIRA LATERAL, TENSÃO 220 VOLTS.\nCOD. SIMPAS: 51.30.00.00106836-9\nMARCA: SONGHE', NULL, 26, 'BOM', '2013-01-16', '360.00', NULL),
(3409, '00013230', NULL, 4294, 'COM 04 PORTAS 2X2 COM TRAVA DE SEGURANCA.\nCOD. SIMPAS: 71.05.00.00035530-5.\nMARCA: ISMA.', NULL, 26, 'BOM', '2013-10-11', '402.96', NULL),
(3410, '00013235', NULL, 4294, 'COM 04 PORTAS 2X2 COM TRAVA DE SEGURANCA.\nCOD. SIMPAS: 71.05.00.00035530-5.\nMARCA: ISMA.', NULL, 26, 'BOM', '2013-10-11', '402.96', NULL),
(3411, '00013236', NULL, 4294, 'COM 04 PORTAS 2X2 COM TRAVA DE SEGURANCA.\nCOD. SIMPAS: 71.05.00.00035530-5.\nMARCA: ISMA.', NULL, 26, 'BOM', '2013-10-11', '402.96', NULL),
(3412, '00013363', NULL, 4328, 'COM 04 GAVETAS PARA PASTA SUSPENSA COM PUXADORES EMBUTIDO, PORTA ETIQUETA E FECHADURA COM TRAVAMENTO SIMULTANEO.\n\n\n\nCOD. SIMPAS: 71.10.00.00130501-8.\n\n\n\nMARCA: W3. - MARCA: W3', NULL, 26, 'BOM', '2013-10-11', '331.00', NULL),
(3413, '00013364', NULL, 4328, 'COM 04 GAVETAS PARA PASTA SUSPENSA COM PUXADORES EMBUTIDO, PORTA ETIQUETA E FECHADURA COM TRAVAMENTO SIMULTANEO.\n\n\n\nCOD. SIMPAS: 71.10.00.00130501-8.\n\n\n\nMARCA: W3. - MARCA: W3', NULL, 26, 'BOM', '2013-10-11', '331.00', NULL),
(3414, '00013365', NULL, 4328, 'COM 04 GAVETAS PARA PASTA SUSPENSA COM PUXADORES EMBUTIDO, PORTA ETIQUETA E FECHADURA COM TRAVAMENTO SIMULTANEO.\n\n\n\nCOD. SIMPAS: 71.10.00.00130501-8.\n\n\n\nMARCA: W3. - MARCA: W3', NULL, 26, 'BOM', '2013-10-11', '331.00', NULL),
(3415, '00013601', NULL, 4347, 'EM VINIL NA COR PRETA -  ESPALDA MEDIO - COM BRAÇOS REGULARES ? ALTA RESISTENCIA A PROPAGAÇÃO DE RASGO, REGULADOR DE ENCOSTO E ALTURA ? FABRICADE EM TUBO DE AÇO ANTIFERRUGINOSO ? BRAÇOS EM FORMATO DE T.\n\nCOD. SIMPAS: 71.10.00.00130428-3\n\n05 ANOS DE GARANTIA. - MARCA: CAVALETTI', NULL, 26, 'BOM', '2013-12-02', '300.00', NULL),
(3416, '00013602', NULL, 4347, 'EM VINIL NA COR PRETA -  ESPALDA MEDIO - COM BRAÇOS REGULARES ? ALTA RESISTENCIA A PROPAGAÇÃO DE RASGO, REGULADOR DE ENCOSTO E ALTURA ? FABRICADE EM TUBO DE AÇO ANTIFERRUGINOSO ? BRAÇOS EM FORMATO DE T.\n\nCOD. SIMPAS: 71.10.00.00130428-3\n\n05 ANOS DE GARANTIA. - MARCA: CAVALETTI', NULL, 26, 'BOM', '2013-12-02', '300.00', NULL),
(3417, '00013603', NULL, 4347, 'EM VINIL NA COR PRETA -  ESPALDA MEDIO - COM BRAÇOS REGULARES ? ALTA RESISTENCIA A PROPAGAÇÃO DE RASGO, REGULADOR DE ENCOSTO E ALTURA ? FABRICADE EM TUBO DE AÇO ANTIFERRUGINOSO ? BRAÇOS EM FORMATO DE T.\n\nCOD. SIMPAS: 71.10.00.00130428-3\n\n05 ANOS DE GARANTIA. - MARCA: CAVALETTI', NULL, 26, 'BOM', '2013-12-02', '300.00', NULL),
(3418, '00014186', NULL, 4370, 'COM RODIZIOS. COM 02 GAVETAS E 01 GAVETÃO FECHADO COM TAMANHO PADRAO DE PASTA SUSPENSA: TAMPO EM CHAPA DE MDP, GAVETAS COM CORREDICAS METALICAS DESLIZANDO EM ROLDANAS DE NYLON, COM FRENTE DAS GAVETAS EM MDP, COM DUAS CHAVES DOBRAVEIS. BANDEJA PORTA LAPIS EM POLIESTIRENO DE ALTO IMPACTO. DIMENSÕES: 320MM X 500MM X 650MM (LXPXA) COM VARIAÇÕES DE +/- 5 % GARANTIA MINIMA DE 5 ANOS \nCOD. DO SIMPAS: 71.10.00.00130423-2 MARCA: MADE MOVEI', NULL, 26, 'BOM', '2013-12-17', '231.20', NULL),
(3419, '00014788', NULL, 4362, 'SD', NULL, 26, 'REGULAR', '2014-08-28', '150.00', NULL),
(3420, '00014789', NULL, 4362, 'SD', NULL, 26, 'REGULAR', '2014-08-28', '150.00', NULL),
(3421, '00015947', NULL, 4284, 'DE PAGINA COLORIDA A4, 25PPM / 50PPM ALIMENTAÇÃO AUTOMATICA, DUPLEX EM UMA PASSAGEM, USB, DETECÇÃO AUTOMATICA DE CUMPRIMENTO,\n\n\n\nFORNECEDOR ? (11) 2778-8093.\n\n\n\nCOD. SIMPAS: 70.25.00.00133322-4.\n\n\n\nMARCA: AVISION\n\n\n\nGARANTIA DE 03 ANO. - MARCA: AVISION - SERIE: 00', NULL, 26, 'BOM', '2014-12-16', '1347.50', NULL),
(3422, '00016056', NULL, 4433, 'CAPACIDADE MINIMA 30LITROS PAINEL DE CONTROLE ELETRICOS, FUNÇÃO DE DESCONGELAMENTO MINIMO DE POTÊNCIA, RELOGIO TRAVA DE SEGURANÇA ,TENSÃO 127. - MARCA: PANASONIC', NULL, 26, 'BOM', '2015-06-15', '370.00', NULL),
(3423, '00016696', NULL, 4340, 'SD', NULL, 26, 'REGULAR', '2014-12-01', '184.44', NULL),
(3424, '00016697', NULL, 4340, 'SD', NULL, 26, 'REGULAR', '2014-12-01', '184.44', NULL),
(3425, '00016698', NULL, 4340, 'SD', NULL, 26, 'REGULAR', '2014-12-01', '184.44', NULL),
(3426, '00016699', NULL, 4340, 'SD', NULL, 26, 'REGULAR', '2014-12-01', '184.44', NULL),
(3427, '00016700', NULL, 4340, 'SD', NULL, 26, 'REGULAR', '2014-12-01', '184.44', NULL),
(3428, '00017052', NULL, 4402, 'SD', NULL, 26, 'BOM', '2013-05-31', '172.79', NULL),
(3429, '00017053', NULL, 4352, 'SD', NULL, 26, 'BOM', '2013-05-31', '138.94', NULL),
(3430, '00017054', NULL, 4361, 'SD', NULL, 26, 'BOM', '2013-05-31', '20.00', NULL),
(3431, '00017879', NULL, 4110, 'CAPACIDADE MIN. INTERNA 2401 -  TENSAO 127 - DEGELO - COM PRATELEIRAS  - GARANTIA DE 1 ANO - MARCA: ELETROLUX', NULL, 26, 'BOM', '2015-06-26', '931.73', NULL),
(3432, '00017880', NULL, 4110, 'CAPACIDADE MIN. INTERNA 2401 -  TENSAO 127 - DEGELO - COM PRATELEIRAS  - GARANTIA DE 1 ANO - MARCA: ELETROLUX', NULL, 26, 'BOM', '2015-06-26', '931.73', NULL),
(3433, '00019361', NULL, 4124, '-DETECTORES DE METAL TIPO MANUAL (RAQUETES)\n\n-EMPRESA DETRONIX INDUSTRIA ELETRONICA LTDA\n\nEPP\n\n-ACORDO DE COOPERAÇÃO Nº 40/2015/GAB DEPEN/DEPEN\n\n-PROCESSO Nº08003.000001/2015-21', NULL, 26, 'BOM', '2016-01-20', '270.00', NULL),
(3434, '00019562', NULL, 4589, 'TELEVISOR LED , 32  POLEGADAS HD (1366 X 786P) VHF,CAB, BRILHO MINIMO 200 CD/M2 ENTRADA 1 AV RCA 1 VGA/AUDIO PC 2\n\n\n\nCONVERSOR DIGITAL\n\n\n\nRECPÇAO DE SINAIS VHF, UHF E CABO - MARCA: AOC - SERIE: 32MH3XA004557', NULL, 26, 'BOM', '2017-10-11', '963.55', NULL),
(3435, '00019917', NULL, 4280, 'SD', NULL, 26, 'BOM', '2016-10-10', '1870.00', NULL),
(3436, '00019998', NULL, 4100, 'ELETRICO 127VOLTS,\n\nGABINETE EM AÇO INOX - 02 TORNEIRA 01 PARA COPO E OUTRO PARA BOCA.\n\n - RESERVATORIO DE AGUA GELADA COM FILTRO COM CARVÃO ATIVADO.\nCOD. SIMPAS: 41.10.00.00143987-1. - MARCA: LIBELL', NULL, 26, 'BOM', '2017-08-21', '494.00', NULL),
(3437, '00019999', NULL, 4100, 'ELETRICO 127VOLTS,\n\nGABINETE EM AÇO INOX - 02 TORNEIRA 01 PARA COPO E OUTRO PARA BOCA.\n\n - RESERVATORIO DE AGUA GELADA COM FILTRO COM CARVÃO ATIVADO.\nCOD. SIMPAS: 41.10.00.00143987-1. - MARCA: LIBELL', NULL, 26, 'BOM', '2017-08-21', '494.00', NULL),
(3438, '00020024', NULL, 4114, 'HIGH WALL TIPO SPLIT, 9.000 BTU, TENSÃO 220 VOLTS, NÍVEL DE RUIDO BAIXO, CAPACIDADE DE REFRIGERAÇÃO DE 9.000 BTU, FUNÇÃO DE DESUMIDIFICAÇÃO, GARANTIA DE 1 ANO.\n\nCOD. SIMPAS: 41.20.00.00150869-5 - MARCA: ELGIN', NULL, 26, 'BOM', '2016-12-26', '1104.00', NULL),
(3439, '00022897', NULL, 4585, 'MICROCOMPUTADOR + MONITOR - PROCESSADOR DE 3.000 GHZ - CONTROLADOR DE MEMORIA COM CAPACIDADE DE ACESSO A DOIS CANAIS A (DUAL CHANNEL) - DESEMPENHO MINIMO 3000 - MEMORIA RAM PADRAO MINIMO SDRAM DDR4-1866 MHZ - CAPACIDADE INSTALADA: 4 GIGABYTES - PERMITIR EXPASAO DE MEMORIA PARA NO MINIMO 16GB - PLACA MAE - DISCO RIGIDO INTERFACE SERIAL ATA 6GB/S\n\n\n\nCAPACIDADE MINIMA DE 500 GIGABYTES - VELOCIDADE DE 7.200 RPM.\n\n\n\nCOD. DO ITEM: 70.10.00.00160223-3 - MARCA: LENOVO - SERIE: 00', NULL, 26, 'BOM', '2018-07-04', '1856.67', NULL),
(3440, '00022898', NULL, 4585, 'MICROCOMPUTADOR + MONITOR - PROCESSADOR DE 3.000 GHZ - CONTROLADOR DE MEMORIA COM CAPACIDADE DE ACESSO A DOIS CANAIS A (DUAL CHANNEL) - DESEMPENHO MINIMO 3000 - MEMORIA RAM PADRAO MINIMO SDRAM DDR4-1866 MHZ - CAPACIDADE INSTALADA: 4 GIGABYTES - PERMITIR EXPASAO DE MEMORIA PARA NO MINIMO 16GB - PLACA MAE - DISCO RIGIDO INTERFACE SERIAL ATA 6GB/S\n\n\n\nCAPACIDADE MINIMA DE 500 GIGABYTES - VELOCIDADE DE 7.200 RPM.\n\n\n\nCOD. DO ITEM: 70.10.00.00160223-3 - MARCA: LENOVO - SERIE: 00', NULL, 26, 'BOM', '2018-07-04', '1856.67', NULL),
(3441, '00022899', NULL, 4585, 'MICROCOMPUTADOR + MONITOR - PROCESSADOR DE 3.000 GHZ - CONTROLADOR DE MEMORIA COM CAPACIDADE DE ACESSO A DOIS CANAIS A (DUAL CHANNEL) - DESEMPENHO MINIMO 3000 - MEMORIA RAM PADRAO MINIMO SDRAM DDR4-1866 MHZ - CAPACIDADE INSTALADA: 4 GIGABYTES - PERMITIR EXPASAO DE MEMORIA PARA NO MINIMO 16GB - PLACA MAE - DISCO RIGIDO INTERFACE SERIAL ATA 6GB/S\n\n\n\nCAPACIDADE MINIMA DE 500 GIGABYTES - VELOCIDADE DE 7.200 RPM.\n\n\n\nCOD. DO ITEM: 70.10.00.00160223-3 - MARCA: LENOVO - SERIE: 00', NULL, 26, 'BOM', '2018-07-04', '1856.67', NULL),
(3442, '00022900', NULL, 4585, 'MICROCOMPUTADOR + MONITOR - PROCESSADOR DE 3.000 GHZ - CONTROLADOR DE MEMORIA COM CAPACIDADE DE ACESSO A DOIS CANAIS A (DUAL CHANNEL) - DESEMPENHO MINIMO 3000 - MEMORIA RAM PADRAO MINIMO SDRAM DDR4-1866 MHZ - CAPACIDADE INSTALADA: 4 GIGABYTES - PERMITIR EXPASAO DE MEMORIA PARA NO MINIMO 16GB - PLACA MAE - DISCO RIGIDO INTERFACE SERIAL ATA 6GB/S\n\n\n\nCAPACIDADE MINIMA DE 500 GIGABYTES - VELOCIDADE DE 7.200 RPM.\n\n\n\nCOD. DO ITEM: 70.10.00.00160223-3 - MARCA: LENOVO - SERIE: 00', NULL, 26, 'BOM', '2018-07-04', '1856.67', NULL),
(3585, '45454545', NULL, 4384, 'SD', NULL, 26, 'REGULAR', '2015-12-09', '100.00', NULL);

-- --------------------------------------------------------

--
-- Estrutura para tabela `tb_setores`
--

CREATE TABLE `tb_setores` (
  `id` int(11) NOT NULL,
  `nome` varchar(50) NOT NULL,
  `id_unidade` int(11) NOT NULL,
  `responsavel` varchar(50) NOT NULL,
  `telefone` varchar(20) NOT NULL,
  `situacao` enum('A','I') NOT NULL
) ENGINE=InnoDB DEFAULT CHARSET=utf8;

--
-- Fazendo dump de dados para tabela `tb_setores`
--

INSERT INTO `tb_setores` (`id`, `nome`, `id_unidade`, `responsavel`, `telefone`, `situacao`) VALUES
(32, 'CRC', 25, 'Paulo', '713115-7841', 'A'),
(33, 'Recepção', 25, 'Karla', '7131185478', 'A'),
(34, 'Diretoria', 25, 'Lucas', '71 31156988', 'A'),
(35, 'Inservível', 25, 'Diretor', '7133152266', 'A');

-- --------------------------------------------------------

--
-- Estrutura para tabela `tb_subgrupo`
--

CREATE TABLE `tb_subgrupo` (
  `id` int(11) NOT NULL,
  `nome_subgrupo` varchar(40) DEFAULT NULL,
  `cod_subgrupo` int(10) NOT NULL,
  `id_grupo` int(11) DEFAULT NULL
) ENGINE=InnoDB DEFAULT CHARSET=utf8;

--
-- Fazendo dump de dados para tabela `tb_subgrupo`
--

INSERT INTO `tb_subgrupo` (`id`, `nome_subgrupo`, `cod_subgrupo`, `id_grupo`) VALUES
(1, 'computador core i3', 0, NULL),
(2, 'computador core i5', 0, NULL),
(3, 'computador core i7', 3010, NULL);

-- --------------------------------------------------------

--
-- Estrutura para tabela `tb_unidades`
--

CREATE TABLE `tb_unidades` (
  `id` int(11) NOT NULL,
  `nome` varchar(40) NOT NULL,
  `cidade` varchar(50) NOT NULL,
  `regiao` enum('RMSP','IP','RMSC','IC','CEAPA') DEFAULT NULL,
  `telefone` varchar(20) NOT NULL,
  `diretor` int(11) DEFAULT NULL
) ENGINE=InnoDB DEFAULT CHARSET=utf8;

--
-- Fazendo dump de dados para tabela `tb_unidades`
--

INSERT INTO `tb_unidades` (`id`, `nome`, `cidade`, `regiao`, `telefone`, `diretor`) VALUES
(24, 'PLB - Penitenciária Lemos de Brito', 'Salvador', 'RMSP', '(071) 3117-2975', 5),
(25, 'CPS - Cadeia Pública de Salvador', 'Salvador', 'RMSP', '(071) 3117-8625', NULL),
(26, 'CAE - Casa do Albergado e Egressos', 'Salvador', 'RMSP', '(071) 3306-1446', NULL),
(27, 'CPLF - Conjunto Penal de Lauro de Freita', 'Lauro de Freitas', 'RMSC', '(071) 3283-5407', 12),
(28, 'CPE - Conjunto Penal de Eunápolis', 'Eunápolis', 'IC', '(073) 3281-6139', NULL),
(29, 'CPFS - Conjunto Penal de Feira de Santan', 'Feira de Santana', 'IP', '75311301', NULL);

-- --------------------------------------------------------

--
-- Estrutura para tabela `tb_usuarios`
--

CREATE TABLE `tb_usuarios` (
  `id` int(11) NOT NULL,
  `login` varchar(40) NOT NULL,
  `senha` varchar(50) NOT NULL,
  `matricula` varchar(20) DEFAULT NULL,
  `nome` varchar(50) NOT NULL,
  `permissao` enum('1','2') NOT NULL,
  `situacao` enum('A','I') NOT NULL,
  `log` enum('S') DEFAULT NULL,
  `telefone` varchar(15) DEFAULT NULL,
  `email` varchar(50) DEFAULT NULL,
  `id_unidade` int(11) DEFAULT NULL
) ENGINE=InnoDB DEFAULT CHARSET=utf8;

--
-- Fazendo dump de dados para tabela `tb_usuarios`
--

INSERT INTO `tb_usuarios` (`id`, `login`, `senha`, `matricula`, `nome`, `permissao`, `situacao`, `log`, `telefone`, `email`, `id_unidade`) VALUES
(1, 'iago.adm', '21232f297a57a5a743894a0e4a801fc3', '1234567890', 'iago lima', '1', 'A', 'S', '12345678911', 'iago@iago.com', 25),
(2, 'marcus', '827ccb0eea8a706c4c34a16891f84e7b', '55555554', 'Marcus Assis', '1', 'A', 'S', '99225566', 'marcus@live.com.br', 24),
(3, 'iago.cm', '6d769ecb25444b49111b669de9ec6104', '123135452', 'Iago Lima', '2', 'A', 'S', '2132165465', 'teste@teste.com', 25),
(5, 'marcus.cm', '827ccb0eea8a706c4c34a16891f84e7b', '5555555', 'Marcus Comum', '2', 'A', 'S', '12132154', 'marcus@teste.com', 25),
(12, 'admin', '21232f297a57a5a743894a0e4a801fc3', '123456789', 'User Admin', '1', 'A', 'S', '71900000000', 'adm@adm.com', 27);

--
-- Índices de tabelas apagadas
--

--
-- Índices de tabela `tb_grupo`
--
ALTER TABLE `tb_grupo`
  ADD PRIMARY KEY (`id`);

--
-- Índices de tabela `tb_itens`
--
ALTER TABLE `tb_itens`
  ADD PRIMARY KEY (`id`);

--
-- Índices de tabela `tb_movimentacoes`
--
ALTER TABLE `tb_movimentacoes`
  ADD PRIMARY KEY (`id`),
  ADD KEY `id_unidade` (`id_unidade`),
  ADD KEY `id_setor_antigo` (`id_setor_antigo`),
  ADD KEY `id_novo_setor` (`id_novo_setor`),
  ADD KEY `id_patrimonio` (`id_patrimonio`),
  ADD KEY `usuario_responsavel` (`usuario_responsavel`);

--
-- Índices de tabela `tb_patrimonio`
--
ALTER TABLE `tb_patrimonio`
  ADD PRIMARY KEY (`id`),
  ADD UNIQUE KEY `num_patrimonio` (`num_patrimonio`),
  ADD KEY `id_item` (`id_item`),
  ADD KEY `id_setor` (`id_setor`),
  ADD KEY `id_unidade` (`id_unidade`);

--
-- Índices de tabela `tb_setores`
--
ALTER TABLE `tb_setores`
  ADD PRIMARY KEY (`id`),
  ADD KEY `id_unidade` (`id_unidade`);

--
-- Índices de tabela `tb_subgrupo`
--
ALTER TABLE `tb_subgrupo`
  ADD PRIMARY KEY (`id`);

--
-- Índices de tabela `tb_unidades`
--
ALTER TABLE `tb_unidades`
  ADD PRIMARY KEY (`id`),
  ADD UNIQUE KEY `nome` (`nome`),
  ADD KEY `diretor` (`diretor`);

--
-- Índices de tabela `tb_usuarios`
--
ALTER TABLE `tb_usuarios`
  ADD PRIMARY KEY (`id`),
  ADD UNIQUE KEY `login` (`login`),
  ADD KEY `id_unidade` (`id_unidade`);

--
-- AUTO_INCREMENT de tabelas apagadas
--

--
-- AUTO_INCREMENT de tabela `tb_grupo`
--
ALTER TABLE `tb_grupo`
  MODIFY `id` int(11) NOT NULL AUTO_INCREMENT, AUTO_INCREMENT=4;

--
-- AUTO_INCREMENT de tabela `tb_itens`
--
ALTER TABLE `tb_itens`
  MODIFY `id` int(11) NOT NULL AUTO_INCREMENT, AUTO_INCREMENT=4614;

--
-- AUTO_INCREMENT de tabela `tb_movimentacoes`
--
ALTER TABLE `tb_movimentacoes`
  MODIFY `id` int(11) NOT NULL AUTO_INCREMENT, AUTO_INCREMENT=14;

--
-- AUTO_INCREMENT de tabela `tb_patrimonio`
--
ALTER TABLE `tb_patrimonio`
  MODIFY `id` int(11) NOT NULL AUTO_INCREMENT, AUTO_INCREMENT=3669;

--
-- AUTO_INCREMENT de tabela `tb_setores`
--
ALTER TABLE `tb_setores`
  MODIFY `id` int(11) NOT NULL AUTO_INCREMENT, AUTO_INCREMENT=36;

--
-- AUTO_INCREMENT de tabela `tb_subgrupo`
--
ALTER TABLE `tb_subgrupo`
  MODIFY `id` int(11) NOT NULL AUTO_INCREMENT, AUTO_INCREMENT=4;

--
-- AUTO_INCREMENT de tabela `tb_unidades`
--
ALTER TABLE `tb_unidades`
  MODIFY `id` int(11) NOT NULL AUTO_INCREMENT, AUTO_INCREMENT=30;

--
-- AUTO_INCREMENT de tabela `tb_usuarios`
--
ALTER TABLE `tb_usuarios`
  MODIFY `id` int(11) NOT NULL AUTO_INCREMENT, AUTO_INCREMENT=13;

--
-- Restrições para dumps de tabelas
--

--
-- Restrições para tabelas `tb_movimentacoes`
--
ALTER TABLE `tb_movimentacoes`
  ADD CONSTRAINT `tb_movimentacoes_ibfk_1` FOREIGN KEY (`id_unidade`) REFERENCES `tb_unidades` (`id`),
  ADD CONSTRAINT `tb_movimentacoes_ibfk_2` FOREIGN KEY (`id_setor_antigo`) REFERENCES `tb_setores` (`id`),
  ADD CONSTRAINT `tb_movimentacoes_ibfk_3` FOREIGN KEY (`id_novo_setor`) REFERENCES `tb_setores` (`id`),
  ADD CONSTRAINT `tb_movimentacoes_ibfk_4` FOREIGN KEY (`id_patrimonio`) REFERENCES `tb_patrimonio` (`id`),
  ADD CONSTRAINT `tb_movimentacoes_ibfk_5` FOREIGN KEY (`usuario_responsavel`) REFERENCES `tb_usuarios` (`id`);

--
-- Restrições para tabelas `tb_patrimonio`
--
ALTER TABLE `tb_patrimonio`
  ADD CONSTRAINT `tb_patrimonio_ibfk_1` FOREIGN KEY (`id_item`) REFERENCES `tb_itens` (`id`),
  ADD CONSTRAINT `tb_patrimonio_ibfk_2` FOREIGN KEY (`id_setor`) REFERENCES `tb_setores` (`id`),
  ADD CONSTRAINT `tb_patrimonio_ibfk_3` FOREIGN KEY (`id_unidade`) REFERENCES `tb_unidades` (`id`);

--
-- Restrições para tabelas `tb_setores`
--
ALTER TABLE `tb_setores`
  ADD CONSTRAINT `tb_setores_ibfk_1` FOREIGN KEY (`id_unidade`) REFERENCES `tb_unidades` (`id`);

--
-- Restrições para tabelas `tb_unidades`
--
ALTER TABLE `tb_unidades`
  ADD CONSTRAINT `tb_unidades_ibfk_1` FOREIGN KEY (`diretor`) REFERENCES `tb_usuarios` (`id`);

--
-- Restrições para tabelas `tb_usuarios`
--
ALTER TABLE `tb_usuarios`
  ADD CONSTRAINT `tb_usuarios_ibfk_1` FOREIGN KEY (`id_unidade`) REFERENCES `tb_unidades` (`id`);
COMMIT;

/*!40101 SET CHARACTER_SET_CLIENT=@OLD_CHARACTER_SET_CLIENT */;
/*!40101 SET CHARACTER_SET_RESULTS=@OLD_CHARACTER_SET_RESULTS */;
/*!40101 SET COLLATION_CONNECTION=@OLD_COLLATION_CONNECTION */;
